ï»¿libelle_arabe,commune,densite,densite_norm,commune_norm
??? ?????,Bni Makada,567326.0,1.0,bnimakada
???? ????,Sidi Moumen,551118.0,0.9714302333984944,sidimoumen
?????,MeknÃ¨s,548421.0,0.966676243978192,meknas
???? ??????,Hay-Hassani,536887.0,0.946345315548912,hayhassani
???????,MÃ©nara,519433.0,0.915579230512962,manara
????,Oujda,505007.0,0.8901505870656939,oujda
??????,Agadir,501797.0,0.8844923349191716,agadir
????????,KÃ©nitra,500772.0,0.8826855721621045,kanitra
?????,TÃ©touan,419038.0,0.7386134285658886,tatouan
??? ????,AÃ¯n-Chock,374579.0,0.6602457549888686,aanchock
?????,Zouagha,358435.0,0.6317888008912188,zouagha
???????,MÃ©dina,342492.0,0.6036861485634915,madina
????,Safi,321581.0,0.5668264256239501,safi
??? ?????,Dar Bouazza,302918.0,0.5339292418823471,darbouazza
?????,TÃ©mara,295606.0,0.5210404133168111,tamara
??????,LaÃ¢youne,258233.0,0.4551631991510859,laayoune
?????,Mghogha,252177.0,0.4444883159737217,mghogha
????? ????,Moulay Rachid,244692.0,0.4312945411087001,moulayrachid
???????,Tabriquet,237048.0,0.4178204976794115,tabriquet
????,Saiss,236305.0,0.4165108150174595,saiss
???????,El Jadida,235681.0,0.4154108931048645,eljadida
????,Hssaine,232909.0,0.410524701531606,hssaine
????????,Layayda,226157.0,0.398622982374809,layayda
?????,Gueliz,217156.0,0.3827569613247008,gueliz
???? ?????,Sidi Othmane,211894.0,0.3734816582732989,sidiothmane
??? ????,Ait Melloul,210480.0,0.3709892070162326,aitmelloul
??? ????,BÃ©ni Mellal,209104.0,0.3685637381833309,banimellal
?????????,El Mariniyine,206387.0,0.3637744948555735,elmariniyine
???????,Bouskoura,200084.0,0.3526642259211405,bouskoura
????????,Mohammadia,193794.0,0.3415768720265532,mohammadia
??????,Khouribga,191807.0,0.3380743963209022,khouribga
???? ?????,Jnan El Ouard,187724.0,0.3308773111139706,jnanelouard
????,Settat,171130.0,0.301627144098584,settat
?????,Berrechid,167449.0,0.2951386624314973,berrechid
??? ??????,Bab Lamrissa,167279.0,0.29483900421813,bablamrissa
????? ???????,Yacoub El Mansour,166573.0,0.2935945412849696,yacoubelmansour
???????,Dakhla,161723.0,0.28504546872714,dakhla
????????,El Youssoufia,157460.0,0.2775310983531137,elyoussoufia
???????,Nador,155611.0,0.2742718746089019,nador
???? ????????,Sidi Bernoussi,153621.0,0.2707641108171327,sidibernoussi
????,Taza,149796.0,0.2640218010163701,taza
??? ?????,AÃ¯n-SebaÃ¢,143697.0,0.2532711219379778,aansebaa
????????,MaÃ¢rif,139116.0,0.2451962144354174,maarif
??????,Inezgane,137003.0,0.2414716391128001,inezgane
???? ?????,Sidi Belyout,136392.0,0.2403946322400509,sidibelyout
???????,Larache,133592.0,0.2354590851963554,larache
?????,Agdal,126463.0,0.2228928298840322,agdal
?????,Guelmim,126364.0,0.2227183230421301,guelmim
??????,Al-Fida,125777.0,0.2216836208583268,elfida
????????,KhÃ©misset,125523.0,0.2212358962336488,khamisset
????? ??????,Ksar El Kebir,124655.0,0.2197058766501032,ksarelkebir
????????,Skhirate,122067.0,0.2151440210254304,skhirate
??????,Khenifra,121542.0,0.2142186059547375,khenifra
??? ????,Bni Yakhlef,117649.0,0.207356432868628,bniyakhlef
??? ????,Ben Guerir,114455.0,0.2017263838480697,benguerir
??? ?????,Ait Amira,113205.0,0.1995230146321343,aitamira
???? ???? ????,Sidi Yahya Zaer,112563.0,0.1983913642028298,sidiyahyazaer
??????,Ouislane,112180.0,0.1977162518750672,ouislane
???????,Souani,110723.0,0.1951480047169728,souani
??????? ????????,Dcheira El Jihadia,110712.0,0.1951286150678725,dcheiraeljihadia
???? ???? ?? ???,Sidi Youssef Ben Ali,107955.0,0.1902688639252053,sidiyoussefbenali
????????,Drargua,107467.0,0.1894086685833041,drargua
???????,Tassoultante,105993.0,0.186810455603873,tassoultante
??? ????,Ben-M'sick,105549.0,0.1860278188583727,benmsick
???? ????????,KelÃ¢at Sraghna,105194.0,0.185402062001047,kelaatsraghna
?????? ???????,Asoukhour Assawda,104694.0,0.1845207143146728,asoukhourassawda
?????,Harbil,104195.0,0.1836411293236714,harbil
???? ???????,Hay-Mohammadi,104137.0,0.183538892992052,haymohammadi
????? ??? ????,My Abdellah,103755.0,0.1828655433596621,myabdellah
?????,Sbata,101624.0,0.1791092395203353,sbata
??????,Lqliaa,101350.0,0.1786262609882022,lqliaa
?????,Tiflet,100792.0,0.1776426769702087,tiflet
???????,Taourirt,100363.0,0.1768864806552996,taourirt
????? ?????,Oulad Teima,100172.0,0.1765498058391046,ouledteima
?????,Berkane,98838.0,0.1741983702118583,berkane
??? ??????,Ain El Aouda,98454.0,0.1735214951887229,ainelaouda
????????,Ech-challalate,98011.0,0.1727406211385954,echchallalate
??? ???????,Mers-Sultan,97529.0,0.1718910019689307,merssultan
?????? ?? ????,Fquih Ben Salah,97215.0,0.1713375156218877,fquihbensalah
??????,Deroua,96383.0,0.1698709530717611,deroua
?????,Martil,95895.0,0.1690107577298598,martil
????????,Errachidia,95724.0,0.1687093368211199,errachidia
???????? ????? ??????,Almajjatia Oulad Taleb,95449.0,0.1682245955936141,almajjatiaouledtaleb
???? ??????,Sidi Slimane,95032.0,0.167489551623178,sidislimane
???? ??,Oued Zem,93749.0,0.1652280134599418,ouedzem
?????,Saada,91884.0,0.1619405865897661,saada
????,Hassan,91696.0,0.1616091998596894,hassan
???????,Gueznaia,88673.0,0.1562805717478711,gueznaia
????????,Lahraouyine,87805.0,0.1547505521643255,lahraouyine
????,Sefrou,86735.0,0.1528644681154847,sefrou
??????,Tiznit,85830.0,0.1512692288031474,tiznit
??? ?????,Ain Chkef,85408.0,0.1505253713558476,ainchkef
??? ??????,Oued Essafa,83330.0,0.1468624903712765,ouedessafa
????????,Taroudannt,82817.0,0.1459582276450566,taroudannt
???????,Essaouira,82136.0,0.1447578320962149,essaouira
????? ????,Oulad Azzouz,80966.0,0.1426954785100993,ouledazzouz
????? ???????,Marrakech-MÃ©dina,80631.0,0.1421049755602286,marrakechmadina
?????,Guercif,79267.0,0.1397006590717998,guercif
???????,Fnideq,76293.0,0.1344584030332462,fnideq
???? ??????,Sidi Taibi,76227.0,0.1343420651386448,siditaibi
??????,Tan-Tan,75963.0,0.1338767135602392,tantan
???????,Ouarzazate,75847.0,0.1336722408970004,ouarzazate
???? ???? ??? ????,Sidi Hajjaj Oued Hassar,75699.0,0.1334113619818336,sidihajjajouedhassar
?????,Bettana,75470.0,0.1330077047414742,bettana
????,Ameur,75075.0,0.1323114400692386,ameur
???? ????,Sidi Kacem,74891.0,0.1319871041206529,sidikacem
?? ???????,Had Soualem,74761.0,0.1317579537221956,hadsoualem
??? ????,Ain Attig,73280.0,0.1291474018751553,ainattig
???? ????,Sidi Bibi,72210.0,0.1272613178263145,sidibibi
??????,Annakhil,71468.0,0.1259533978597352,annakhil
??? ????????,Souk El Arbaa,69036.0,0.1216665227132112,soukelarbaa
??????,M'diq,67393.0,0.1187704142157856,mdiq
????? ??????,Agdal Riyad,67255.0,0.1185271622543463,agdalriyad
????,Anfa,66026.0,0.1163608096412386,anfa
????????,Youssoufia,65602.0,0.1156134268031933,youssoufia
????????,Benslimane,65343.0,0.1151568887016514,benslimane
?????,Midelt,62149.0,0.1095268396810931,midelt
??? ?????,Ain Harrouda,60566.0,0.1067364929060324,ainharrouda
??? ????? ????? ?????,Souk Sebt Ouled Nemma,60171.0,0.1060402282337968,souksebtoulednemma
?????,Mehdya,58526.0,0.1031405943456257,mehdya
????,Azrou,57581.0,0.1014748472183785,azrou
????,Ouezzane,57356.0,0.1010782407595101,ouezzane
??????,Boujdour,56861.0,0.1002057065499997,boujdour
??? ?????,Ait Ourir,56836.0,0.100161639165681,aitourir
????? ?????,Oulad Tayeb,56324.0,0.0992591391348338,ouledtayeb
???? ????,Sidi Bennour,56116.0,0.0988924984973022,sidibennour
??? ????,Tit Mellil,55942.0,0.0985857895024439,titmellil
???????,Bouznika,55707.0,0.0981715560898481,bouznika
???????,Es-Semara,54190.0,0.0954975472093888,essemara
???????,Ben Mansour,53524.0,0.0943235920911384,benmansour
???? ???? ????,Sidi Mohamed Lahmar,52679.0,0.092834114501166,sidimohamedlahmar
?????,Temsia,52621.0,0.0927318781695466,temsia
????? ????,Ouled Salah,51621.0,0.0909691827967982,ouledsalah
??????,Ourika,50450.0,0.0889050665153099,ourika
??????,Biougra,50445.0,0.0888962530384461,biougra
??? ?????,Bni Ansar,50113.0,0.0883110381746936,bniansar
???????,Al Hoceima,49561.0,0.0873380303289365,elhoceima
??? ???????,FÃ¨s-MÃ©dina,49167.0,0.0866435283520737,fasmadina
????????,Laouamra,48156.0,0.0848614433302251,laouamra
???? ?????,Kasba Tadla,47399.0,0.0835270829330546,kasbatadla
??????,Azilal,47295.0,0.0833437626142887,azilal
??? ?????,Bejaad,47193.0,0.0831639676862684,bejaad
??????,Tarmigt,46963.0,0.0827585477505363,tarmigt
??????,Al Aaroui,46527.0,0.081990012568018,elaaroui
?????,M'rirt,46262.0,0.0815228982942396,mrirt
??????,Chefchaouen,46005.0,0.0810698855834433,chefchaouen
?????,Aourir,45879.0,0.080847785966477,aourir
??????? ????????,Soualem Trifiya,45264.0,0.0797637283122368,soualemtrifiya
?????,Bouarg,44625.0,0.0786373659690505,bouarg
?????,Tinghir,44156.0,0.0778106618392316,tinghir
?????? ????? ?????,Sahel Oulad H'riz,43774.0,0.0771373122068417,sahelouledhriz
???? ??? ???? ????,Sidi Abdellah Ghiat,43162.0,0.0760585426387197,sidiabdellahghiat
???? ??? ???????,Sidi Bouknadel,42705.0,0.0752529908533737,sidibouknadel
??????,Inchaden,42667.0,0.0751860084292092,inchaden
?????,Azemmour,42092.0,0.0741724585898789,azemmour
??????,Zagora,41656.0,0.0734039234073606,zagora
????????,Mnasra,41433.0,0.0730108423392377,mnasra
??? ??????,Had Boumoussa,41152.0,0.0725155249394954,hadboumoussa
?????,Jerada,40882.0,0.0720395971888534,jerada
??????,El Hajeb,40735.0,0.0717804809690594,elhajeb
??????-???? ????,El Aioun Sidi Mellouk,40648.0,0.0716271264716303,elaiounsidimellouk
???????,Tameslohte,40206.0,0.0708480151168755,tameslohte
????? ????? ???,Houara Oulad Raho,39687.0,0.0699331762184191,houaraouledraho
???? ???? ?????,Sidi Yahia El Gharb,39201.0,0.0690765062672634,sidiyahiaelgharb
??????,Taounate,39071.0,0.0688473558688061,taounate
????? ????? ????,Bahhara Ouled Ayad,38577.0,0.0679765843546684,bahharaouledayad
????????,Laattaouia,38402.0,0.0676681126644374,laattaouia
????????,Loudaya,38246.0,0.0673931321862887,loudaya
??????,Chichaoua,38206.0,0.0673226243713787,chichaoua
???? ??? ?? ?????,Sidi Ali Ben Hamdouche,38115.0,0.0671622190924586,sidialibenhamdouche
?????,Chtouka,38024.0,0.0670018138135385,chtouka
???? ???????,Ameur Seflia,37935.0,0.0668449339253639,ameurseflia
???????,Al Ouidane,37448.0,0.0659865012788355,elouidane
??????,Bradia,37006.0,0.0652073899240807,bradia
????,Zaio,36759.0,0.0647720041670118,zaio
????,Zoumi,36573.0,0.0644441428276806,zoumi
??????,Aguelmous,36555.0,0.0644124143109712,aguelmous
?????,BelfaÃ¢,36506.0,0.0643260422377065,belfaa
??????,Mograne,36452.0,0.0642308566875781,mograne
???? ???? ???????,Ouahat Sidi Brahim,36448.0,0.0642238059060871,ouahatsidibrahim
???????,Aghouatim,36090.0,0.0635927609626432,aghouatim
??? ????????,Dar Laaslouji,36072.0,0.0635610324459337,darlaaslouji
????? ?????,Ouled Hcine,36015.0,0.063460558809687,ouledhcine
?????,Haouzia,35775.0,0.0630375119202274,haouzia
??? ??????,Lalla Mimouna,35487.0,0.0625298556528759,lallamimouna
??????,Arbaoua,35072.0,0.0617983370731853,arbaoua
????????,Laghnadra,34610.0,0.0609839718109756,laghnadra
??????,Imzouren,34497.0,0.060784787233855,imzouren
???? ???? ??????,Sidi Rahal Chatai,34428.0,0.0606631612531353,sidirahalchatai
???????,Nouaceur,34271.0,0.0603864180796138,nouaceur
???? ??????,Sidi Al Kamel,34016.0,0.059936930759563,sidielkamel
?????,Assilah,33975.0,0.0598646602492803,assilah
?????,Demnate,33628.0,0.0592530049549366,demnate
?? ????,Ben Ahmed,33332.0,0.0587312471246031,benahmed
????? ?????,Ouled H'cine,33223.0,0.0585391133289736,ouledhcine
??? ?????,Ait Faska,33069.0,0.0582676582415703,aitfaska
??? ???????,Ain Taoujdate,33048.0,0.0582306416387426,aintaoujdate
????????,Kceibya,33007.0,0.0581583711284599,kceibya
???? ???????,Sidi Smail,32691.0,0.0576013593906714,sidismail
????? ???????,Moulay Bousselham,32629.0,0.057492072277561,moulaybousselham
???? ???????,Mechraa Bel Ksiri,32615.0,0.0574673945423425,mechraabelksiri
????????,Souihla,32500.0,0.0572646845744765,souihla
??? ???????,Dar Bel Amri,32493.0,0.0572523457068672,darbelamri
?????,Laqsir,32375.0,0.0570443476528829,laqsir
??? ??????,Jorf El Melha,31945.0,0.0562863886426011,jorfelmelha
????? ?????,Oulad Rahmoune,31420.0,0.0553609735719082,ouledrahmoune
???????,Zeghanghane,31346.0,0.0552305341143248,zeghanghane
????,Ayir,30867.0,0.0543862030307784,ayir
????? ?????,Oulad Berhil,30274.0,0.0533409246747386,ouledberhil
???? ???? ???????,Sidi Moussa El Majdoub,30254.0,0.0533056707672836,sidimoussaelmajdoub
???? ??????,Lbir Jdid,30245.0,0.0532898065089289,lbirjdid
???? ??????-???????,Sidi Slimane Echcharaa,30130.0,0.0530870965410628,sidislimaneechcharaa
??? ??? ?????,Dar Ould Zidouh,30113.0,0.0530571307197261,darouldzidouh
???????,M'haya,30056.0,0.0529566570834794,mhaya
????? ????,Ouled Zmam,30038.0,0.05292492856677,ouledzmam
??? ????,Bab Taza,29895.0,0.052672863128467,babtaza
?????,Hrara,29730.0,0.0523820183919635,hrara
????????,Fritissa,29594.0,0.0521422918212697,fritissa
????? ???????,Zemrane Charqia,29559.0,0.0520805974832235,zemranecharqia
??????,Mediouna,29552.0,0.0520682586156143,mediouna
?????????,El Mansouria,29125.0,0.0513155876914507,elmansouria
?????,Arfoud,28876.0,0.0508766765436364,arfoud
??? ????,Sabaa Aiyoun,28735.0,0.0506281364960788,sabaaaiyoun
??? ????,Beni Malek,28711.0,0.0505858318071329,benimalek
?????,Ghmate,28646.0,0.0504712566079042,ghmate
???? ???? ????????,Sidi Allal El Bahraoui,28643.0,0.050465968521786,sidiallalelbahraoui
??????,Krifate,28596.0,0.0503831218392668,krifate
?????,Tahla,28590.0,0.0503725456670303,tahla
?????,Er-Rich,28452.0,0.050129293705591,errich
?????,Selouane,28435.0,0.0500993278842543,selouane
??????,El Marsa,28401.0,0.0500393962415809,elmarsa
??? ??????,Ain Cheggag,28355.0,0.0499583122544345,aincheggag
????? ?????,Saniat Berguig,28314.0,0.0498860417441518,saniatberguig
???????,Dkhissa,28211.0,0.0497044841207587,dkhissa
?????,Sefsaf,28106.0,0.0495194011066201,sefsaf
?????,Missour,27973.0,0.0492849626220446,missour
????? ????,Ouled Ghanem,27894.0,0.0491457096875975,ouledghanem
??????,Bouarfa,27485.0,0.0484247672801434,bouarfa
????? ????,Oulad Hassoune,27241.0,0.0479946696091928,ouledhassoune
???? ???????,Sid L'mokhtar,27042.0,0.0476438932300158,sidlmokhtar
???????,Lamzoudia,27004.0,0.0475769108058514,lamzoudia
?????,Toulal,26968.0,0.0475134537724325,toulal
???????,Nouirate,26833.0,0.0472754898971114,nouirate
????? ????,Ouled Nacer,26731.0,0.0470956949690911,oulednacer
??? ?????,Mers El Kheir,26544.0,0.0467660709343871,merselkheir
??? ?????,Sebaa Rouadi,26504.0,0.0466955631194772,sebaarouadi
?????,Taddart,26403.0,0.0465175308868296,taddart
?????,Ouaoula,26400.0,0.0465122428007114,ouaoula
????????,Khnichet,26246.0,0.0462407877133081,khnichet
??????,Laghdira,26192.0,0.0461456021631797,laghdira
????,Mettouh,26074.0,0.0459376041091954,mettouh
????????,Echemmaia,26014.0,0.0458318423868305,echemmaia
???? ????,Sidi Abed,25872.0,0.0455815396439002,sidiabed
??? ???????,Dir El Ksiba,25851.0,0.0455445230410725,direlksiba
????? ?????,Ouled Yaich,25783.0,0.0454246597557256,ouledyaich
????? ????,Oulad Settout,25390.0,0.0447319204742355,ouledsettout
????? ????,Oulad Aissa,25367.0,0.0446913784806623,ouledaissa
??????,M'zouda,25316.0,0.0446014810166521,mzouda
??? ?????,Hjar Ennhal,25301.0,0.0445750405860609,hjarennhal
?????,Zouada,25286.0,0.0445486001554697,zouada
????? ?????,Oulad Sbaita,25230.0,0.0444498892145958,ouledsbaita
????? ?????,Zaouiat Cheikh,25063.0,0.0441555190873468,zaouiatcheikh
????????,Imintanoute,25041.0,0.0441167397891463,imintanoute
??????,Bouhouda,24823.0,0.0437324721978872,bouhouda
????????,Sfafaa,24744.0,0.0435932192634401,sfafaa
??? ???,Bab Berred,24742.0,0.0435896938726946,babberred
???? ???? ???????,Sidi Mohamed Benmansour,24698.0,0.0435121352762936,sidimohamedbenmansour
????,Guigou,24674.0,0.0434698305873477,guigou
??? ?????,Sebt Gzoula,24596.0,0.0433323403482733,sebtgzoula
????? ????,Ouled Ayad,24563.0,0.0432741714009726,ouledayad
???? ???? ?? ???,Sidi Aissa Ben Ali,24502.0,0.043166646983235,sidiaissabenali
??? ?????? ???????,Abdelghaya Souahel,24435.0,0.0430485463932608,abdelghayasouahel
?????,Tamorot,24258.0,0.0427365493122844,tamorot
?? ??????,Foum El Anceur,24225.0,0.0426783803649837,foumelanceur
??? ?????? ?????,Souk Tlet El Gharb,24190.0,0.0426166860269375,souktletelgharb
??? ?????,Sti Fadma,24153.0,0.0425514662981458,stifadma
????? ??? ?????,Skoura Ahl El Oust,24053.0,0.0423751967608709,skouraahleloust
????? ?????,Ouled Slama,23848.0,0.0420138442094575,ouledslama
????,Zegzel,23846.0,0.042010318818712,zegzel
????????,Mkansa,23680.0,0.0417177113868358,mkansa
??? ????,Bni A'yat,23671.0,0.0417018471284811,bniainyat
?????? ???????,El Koudia El Beida,23663.0,0.0416877455654991,elkoudiaelbeida
??????,Bouhmame,23637.0,0.0416419154858076,bouhmame
??? ?????,Ait M'hamed,23531.0,0.0414550697762963,aitmhamed
????? ??????,Ferkla El Oulia,23362.0,0.0411571742583018,ferklaeloulia
???? ??????,Ighil N'oumgoun,23218.0,0.040903346124626,ighilnoumgoun
???? ??????,Sidi Boumoussa,23140.0,0.0407658558855517,sidiboumoussa
??????,El Ghiate,23107.0,0.040707686938251,elghiate
??? ???????,Ain Dfali,23016.0,0.0405472816593309,aindfali
????,Azla,22985.0,0.0404926381027757,azla
??? ?????,Ain Aicha,22900.0,0.0403428089960921,ainaicha
??? ????????,Ait Boubidmane,22780.0,0.0401312855513623,aitboubidmane
??????,Boumaiz,22693.0,0.0399779310539331,boumaiz
???????,Haddada,22652.0,0.0399056605436505,haddada
????,Asni,22620.0,0.0398492542917225,asni
???????,Lgharbia,22528.0,0.0396870863174297,lgharbia
????? ???????,Ghiata Al Gharbia,22431.0,0.0395161048662731,ghiataelgharbia
????????,M'saada,22399.0,0.0394596986143451,msaada
???? ????,Sidi Hajjaj,22357.0,0.0393856654086897,sidihajjaj
???? ????,Sidi Ifni,22329.0,0.0393363099382527,sidiifni
??? ????,Bni Chiker,22298.0,0.0392816663816975,bnichiker
??????,Shoul,22281.0,0.0392517005603608,shoul
?????,Ighoud,22076.0,0.0388903480089474,ighoud
????? ??? ??????,Moulay Ali Cherif,22073.0,0.0388850599228291,moulayalicherif
???? ????????,Ameur Chamalia,21998.0,0.038752857769873,ameurchamalia
???,Nagga,21993.0,0.0387440442930093,nagga
??????? ????,Immouzzer-Kandar,21939.0,0.0386488587428809,immouzzerkandar
???? ???? ??????,Sidi Allal Tazi,21729.0,0.0382786927146037,sidiallaltazi
??????,Galdamane,21729.0,0.0382786927146037,galdamane
????????,Loualidia,21716.0,0.038255777674758,loualidia
?????,Boumia,21709.0,0.0382434388071487,boumia
????? ??????,Ouled M'barek,21635.0,0.0381129993495654,ouledmbarek
???? ???????,Ahmar Laglalcha,21628.0,0.0381006604819561,ahmarlaglalcha
???? ????? ?????,Sidi Boubker El Haj,21610.0,0.0380689319652466,sidiboubkerelhaj
??? ?????,Bni Selmane,21413.0,0.0377216809768152,bniselmane
???????,Chouafaa,21374.0,0.037652935857278,chouafaa
??????,Tighedouine,21158.0,0.0372721936567644,tighedouine
??????,Jabria,21071.0,0.0371188391593353,jabria
??? ????,Ait Yadine,21007.0,0.0370060266554794,aityadine
??? ???? ????,Ait Sidi Daoud,20988.0,0.0369725354433972,aitsididaoud
????????,Harhoura,20949.0,0.03690379032386,harhoura
??????? ??????,Lamharza Essahel,20924.0,0.0368597229395413,lamharzaessahel
???? ?? ????,Karia Ba Mohamed,20855.0,0.0367380969588216,kariabamohamed
????,Saka,20849.0,0.0367275207865851,saka
????,Majjate,20656.0,0.0363873205796447,majjate
??? ???? ???,Aarab Sebbah Ziz,20538.0,0.0361793225256604,aarabsebbahziz
??????,Tamallalt,20528.0,0.0361616955719329,tamallalt
??????,El Gara,20466.0,0.0360524084588225,elgara
?????,Alnif,20448.0,0.036020679942113,alnif
???????,Souissi,20391.0,0.0359202063058664,souissi
???? ????,Sidi Chiker,20290.0,0.0357421740732188,sidichiker
???? ?????? ??? ???????,Sidi Slimane Moul Al Kifane,20245.0,0.0356628527814451,sidislimanemoulelkifane
????? ??????,Tidili Mesfioua,20218.0,0.0356152600063809,tidilimesfioua
??????,Afourar,20202.0,0.0355870568804169,afourar
???????,Lamrabih,20154.0,0.035502447502525,lamrabih
????? ???,Ouled Frej,20127.0,0.0354548547274608,ouledfrej
?????? ????????,Mzamza Janoubia,20120.0,0.0354425158598516,mzamzajanoubia
???????,Taghzirt,20023.0,0.035271534408695,taghzirt
??? ??????,Bni Bouayach,20005.0,0.0352398058919855,bnibouayach
??? ????? ????? ???????,Ait Sedrate Sahl El-Gharbia,19985.0,0.0352045519845305,aitsedratesahlelgharbia
????? ????,Oulad Ziyane,19963.0,0.0351657726863301,ouledziyane
???????,El Ksiba,19959.0,0.0351587219048391,elksiba
??? ?????,Bni Frassen,19869.0,0.0350000793212917,bnifrassen
????? ????,Jnane Bouih,19754.0,0.0347973693534257,jnanebouih
??? ??????,Imi-N'oulaoune,19734.0,0.0347621154459707,iminoulaoune
??????,Oulmes,19578.0,0.034487134967822,oulmes
?????,Tamri,19561.0,0.0344571691464852,tamri
?????,Aoulouz,19532.0,0.0344060509806755,aoulouz
?????,Iounane,19494.0,0.0343390685565111,iounane
???????,Lagfifat,19455.0,0.0342703234369739,lagfifat
??????,El Borouj,19434.0,0.0342333068341462,elborouj
????,Jdour,19390.0,0.0341557482377453,jdour
???????,Tamegroute,19200.0,0.0338208361169231,tamegroute
???? ???? ?? ??????,Sidi Aissa Ben Slimane,19161.0,0.0337520909973859,sidiaissabenslimane
??????,Agourai,19158.0,0.0337468029112676,agourai
???????,Rmilat,19117.0,0.0336745324009849,rmilat
??? ?????,Ras El Ain,19088.0,0.0336234142351752,raselain
??? ????,Ait Ouallal,19079.0,0.0336075499768205,aitouallal
??? ?????,Ain Tizgha,19062.0,0.0335775841554838,aintizgha
???????,Laaouama,19052.0,0.0335599572017563,laaouama
???????,Boughriba,19012.0,0.0334894493868464,boughriba
???????,Laatatra,18928.0,0.0333413829755355,laatatra
???? ?????,Sidi Yacoub,18868.0,0.0332356212531706,sidiyacoub
???????,Talsint,18806.0,0.0331263341400602,talsint
??? ????? ?????,Ait Sebaa Lajrouf,18701.0,0.0329412511259216,aitsebaalajrouf
????? ?????,Outat El Haj,18691.0,0.0329236241721941,outatelhaj
????????,Al Haouafate,18528.0,0.0326363048264362,elhaouafate
????? ?? ?????,Oulad Si Bouhya,18527.0,0.0326345421310634,ouledsibouhya
???? ?????,Ribate El Kheir,18468.0,0.0325305431040712,ribateelkheir
??? ?????,Ait Majden,18448.0,0.0324952891966163,aitmajden
????,Tata,18359.0,0.0323384093084417,tata
?????,Zerkten,18295.0,0.0322255968045858,zerkten
??????,Sahel,18236.0,0.0321215977775936,sahel
?????,Lkheng,18219.0,0.0320916319562569,lkheng
?????,Malloussa,18188.0,0.0320369883997017,malloussa
???????,Saadla,18134.0,0.0319418028495733,saadla
??? ?????,Ait Tamlil,18088.0,0.0318607188624269,aittamlil
????????,Laghnimyine,18081.0,0.0318483799948176,laghnimyine
???????,Lamrasla,17997.0,0.0317003135835068,lamrasla
??? ?????,Ahl Angad,17943.0,0.0316051280333784,ahlangad
???? ?????,Sidi Redouane,17903.0,0.0315346202184684,sidiredouane
???? ????,Sidi Jaber,17901.0,0.0315310948277229,sidijaber
???? ???? ?? ???,Sidi Ahmed Ou Amar,17898.0,0.0315258067416047,sidiahmedouamar
?????? ????????,Rissana Janoubia,17878.0,0.0314905528341497,rissanajanoubia
????,Massa,17854.0,0.0314482481452037,massa
??? ?????,Ait Ishaq,17841.0,0.031425333105358,aitishaq
?????,Issaguen,17832.0,0.0314094688470033,issaguen
?????,Agafay,17769.0,0.0312984190385201,agafay
???? ?????,KalÃ¢at M'gouna,17737.0,0.0312420127865922,kalaatmgouna
??????,Ikniouen,17707.0,0.0311891319254097,ikniouen
???? ???? ??????,Sidi Moussa Lhamri,17661.0,0.0311080479382633,sidimoussalhamri
????? ??????,Oulad Zbair,17558.0,0.0309264903148702,ouledzbair
??????,Laaounate,17485.0,0.0307978135526596,laaounate
????? ?????,Chorfa M'daghra,17483.0,0.0307942881619141,chorfamdaghra
??? ???????,Dar Chaffai,17408.0,0.030662086008958,darchaffai
??? ??????,Bab Marzouka,17322.0,0.0305104942069016,babmarzouka
??? ?????,Ait Iaaza,17289.0,0.0304523252596009,aitiaaza
???????,El Gantour,17270.0,0.0304188340475187,elgantour
???????,Douirane,17254.0,0.0303906309215547,douirane
????,Melaab,17229.0,0.030346563537236,melaab
?????,Anjra,17214.0,0.0303201231066448,anjra
???? ??????,Sidi Ettiji,17197.0,0.0302901572853081,sidiettiji
??? ????,Ksar Bjir,17182.0,0.0302637168547168,ksarbjir
??? ??????,Sid Zouine,17128.0,0.0301685313045884,sidzouine
???????,Lamjaara,17088.0,0.0300980234896785,lamjaara
??? ?????,Bni Tadjite,17087.0,0.0300962607943057,bnitadjite
???? ????? ?? ????,Sidi M'hamed Ben Lahcen,16980.0,0.0299076523894217,sidimhamedbenlahcen
??? ????,Ait Yaazem,16912.0,0.0297877891040748,aityaazem
???????,Boufakrane,16890.0,0.0297490098058743,boufakrane
???????,Tamazouzte,16885.0,0.0297401963290106,tamazouzte
??????,Zirara,16829.0,0.0296414853881367,zirara
??? ????,Bni Hilal,16765.0,0.0295286728842808,bnihilal
?? ?????,Khatazakane,16691.0,0.0293982334266974,khatazakane
?????,Ketama,16688.0,0.0293929453405791,ketama
??? ?????,Bni Mansour,16660.0,0.0293435898701422,bnimansour
??? ???????-???? ???????,Ain Johra-Sidi Boukhalkhal,16644.0,0.0293153867441782,ainjohrasidiboukhalkhal
???????,Mtalssa,16594.0,0.0292272519755408,mtalssa
????? ??????,Ksar Sghir,16559.0,0.0291655576374946,ksarsghir
????,Anzou,16554.0,0.0291567441606309,anzou
??? ????,Bni Rzine,16539.0,0.0291303037300396,bnirzine
???? ?????,Sidi Lamine,16501.0,0.0290633213058752,sidilamine
??????,Arekmane,16460.0,0.0289910507955925,arekmane
????? ?????,Ouled Salmane,16457.0,0.0289857627094743,ouledsalmane
???? ??????,Sidi El Makhfi,16441.0,0.0289575595835103,sidielmakhfi
??????,Tagleft,16410.0,0.0289029160269551,tagleft
???????,Rhouazi,16404.0,0.0288923398547186,rhouazi
??? ???????,Oued Jdida,16379.0,0.0288482724703999,ouedjdida
?????,Tabant,16377.0,0.0288447470796544,tabant
??????,Bouarouss,16329.0,0.0287601377017625,bouarouss
??? ??? ????????,Ras Ain Rhamna,16327.0,0.028756612311017,rasainrhamna
????,Mogress,16260.0,0.0286385117210428,mogress
??? ????,Bni Zoli,16240.0,0.0286032578135879,bnizoli
???????,Assahrij,16223.0,0.0285732919922511,assahrij
???? ??????,Sidi Boulkhalf,16220.0,0.0285680039061329,sidiboulkhalf
?? ????,Foum Oudi,16162.0,0.0284657675745135,foumoudi
??? ?????? ????,Souk Lakhmis Dades,16154.0,0.0284516660115315,souklakhmisdades
?????,Aghbal,16081.0,0.0283229892493209,aghbal
??????,Tahannaout,16017.0,0.028210176745465,tahannaout
??????,Aquermoud,15981.0,0.028146719712046,aquermoud
????????,Bouizakarne,15953.0,0.0280973642416091,bouizakarne
?????,Gourrama,15935.0,0.0280656357248996,gourrama
???????,Jbabra,15904.0,0.0280109921683444,jbabra
??? ?????,Bni Bouzra,15888.0,0.0279827890423804,bnibouzra
????? ?????,Oulad Abdoune,15860.0,0.0279334335719435,ouledabdoune
?????,Ahfir,15857.0,0.0279281454858252,ahfir
???????,Lamaachate,15826.0,0.02787350192927,lamaachate
????????,Tighassaline,15787.0,0.0278047568097329,tighassaline
?????,Lmechrek,15770.0,0.0277747909883961,lmechrek
??????,Bouguedra,15706.0,0.0276619784845402,bouguedra
????? ???,Oulad Dahou,15697.0,0.0276461142261855,ouleddahou
?????,Mellila,15690.0,0.0276337753585763,mellila
??????,Ternata,15670.0,0.0275985214511213,ternata
???????,Ihaddadene,15667.0,0.027593233365003,ihaddadene
????? ???? ???,Taghzoute N'ait Atta,15654.0,0.0275703183251573,taghzoutenaitatta
???????,Driouch,15653.0,0.0275685556297846,driouch
???? ????????,Skhour Rhamna,15557.0,0.0273993368740007,skhourrhamna
????,Sabbah,15551.0,0.0273887607017642,sabbah
???? ??? ????,Koudiat Bni Dghough,15512.0,0.027320015582227,koudiatbnidghough
??? ??? ????,Ain Bni Mathar,15487.0,0.0272759481979083,ainbnimathar
??????????,Al Bahraoyine,15457.0,0.0272230673367259,elbahraoyine
???? ??????,Majmaa Tolba,15446.0,0.0272036776876257,majmaatolba
???,Assa,15430.0,0.0271754745616617,assa
??? ????? ????? ???????,Ait Sedrate Sahl Charkia,15420.0,0.0271578476079342,aitsedratesahlcharkia
???? ?? ????,Kasbat Ben Mchich,15374.0,0.0270767636207878,kasbatbenmchich
??? ??????,Moul El Bergui,15355.0,0.0270432724087056,moulelbergui
?????,Midar,15348.0,0.0270309335410963,midar
??????,Bouchaouene,15239.0,0.0268387997454667,bouchaouene
????,Bitit,15238.0,0.026837037050094,bitit
????,Galaz,15196.0,0.0267630038444386,galaz
?????? ????,Nzalat Laadam,15195.0,0.0267612411490658,nzalatlaadam
???????,Timezgana,15184.0,0.0267418514999656,timezgana
??? ??????,Ait Saghrouchen,15140.0,0.0266642929035646,aitsaghrouchen
??? ??????,Ain Mediouna,15115.0,0.0266202255192459,ainmediouna
???? ??????,M'qam Tolba,15070.0,0.0265409042274723,mqamtolba
???????,Boulanouare,15043.0,0.0264933114524081,boulanouare
??? ???????,Guers Tiaallaline,15019.0,0.0264510067634621,guerstiaallaline
??????,Taoughilt,15013.0,0.0264404305912256,taoughilt
?? ?????,Ben Taieb,14999.0,0.0264157528560071,bentaieb
?????? ??? ??????,MÃ©chouar-FÃ¨s-El Jadid,14988.0,0.0263963632069069,machouarfaseljadid
??????,Ratba,14944.0,0.026318804610506,ratba
?????,Zemrane,14922.0,0.0262800253123055,zemrane
??? ?????,Ain Kansara,14910.0,0.0262588729678325,ainkansara
???? ?????,Sidi Dahmane,14878.0,0.0262024667159046,sididahmane
?????,Tidili,14817.0,0.0260949422981669,tidili
????????,Ezzhiliga,14788.0,0.0260438241323572,ezzhiliga
???????,Boulaouane,14740.0,0.0259592147544653,boulaouane
???????,Boujniba,14721.0,0.0259257235423831,boujniba
???????,Laajajra,14715.0,0.0259151473701466,laajajra
????,Majjat,14693.0,0.0258763680719461,majjat
??? ???,Bouya Omar,14686.0,0.0258640292043369,bouyaomar
??? ???? ????? ?????,Bni Oukil Oulad M'hand,14675.0,0.0258446395552367,bnioukilouledmhand
???????,Tinzouline,14650.0,0.0258005721709179,tinzouline
???????,Esbiaat,14644.0,0.0257899959986815,esbiaat
???????,Targuist,14628.0,0.0257617928727175,targuist
??????,Goulmima,14623.0,0.0257529793958537,goulmima
???????,Lakhoualqa,14618.0,0.02574416591899,lakhoualqa
??? ?????,Ait Imour,14598.0,0.025708912011535,aitimour
??????,Masmouda,14594.0,0.025701861230044,masmouda
????? ???????,Ouled Bourahmoune,14583.0,0.0256824715809438,ouledbourahmoune
?????,Tazart,14583.0,0.0256824715809438,tazart
??????,El Kbab,14572.0,0.0256630819318436,elkbab
???????,Laatamna,14561.0,0.0256436922827433,laatamna
???? ????,Sidi Azzouz,14484.0,0.0255079647390417,sidiazzouz
????? ????,Ouled Dlim,14463.0,0.025470948136214,ouleddlim
??????,Lamrija,14451.0,0.025449795791741,lamrija
?????,Zaida,14449.0,0.0254462704009955,zaida
???????,Tagounite,14413.0,0.0253828133675766,tagounite
????????,Khlalfa,14339.0,0.0252523739099932,khlalfa
???? ???? ??? ?????,Sidi Yahia Bni Zeroual,14282.0,0.0251519002737465,sidiyahiabnizeroual
???????,El Beddouza,14276.0,0.0251413241015101,elbeddouza
?????,Kridid,14259.0,0.0251113582801733,kridid
??? ????? ???????,Ras El Ain Chaouia,14243.0,0.0250831551542094,raselainchaouia
????? ????,Ouled Youssef,14233.0,0.0250655282004819,ouledyoussef
???? ???????,Sidi El Aidi,14163.0,0.0249421395243895,sidielaidi
????,Madagh,14150.0,0.0249192244845438,madagh
??? ????,Bni Oukil,14094.0,0.0248205135436698,bnioukil
????????,Ziaida,14092.0,0.0248169881529244,ziaida
???? ??? ??????,Sidi Abderrazak,14021.0,0.0246918367814592,sidiabderrazak
???? ?????,Kalaat Bouqorra,13999.0,0.0246530574832588,kalaatbouqorra
???????,Laagagcha,13997.0,0.0246495320925133,laagagcha
??? ????-??? ??????,Ain Karma-Oued Rommane,13985.0,0.0246283797480403,ainkarmaouedrommane
??? ?????,Bni Darkoul,13984.0,0.0246266170526675,bnidarkoul
??? ????,Bni Smih,13918.0,0.0245102791580661,bnismih
??????,Zmamra,13915.0,0.0245049910719479,zmamra
??? ??????,Ait Oumdis,13908.0,0.0244926522043387,aitoumdis
???????,Tazarine,13895.0,0.0244697371644929,tazarine
????? ??????,Toudgha Essoufla,13890.0,0.0244609236876292,toudghaessoufla
????,Igli,13831.0,0.024356924660637,igli
??? ???? ????,Ait Youssef Ou Ali,13811.0,0.0243216707531821,aityoussefouali
???????,El Ganzra,13785.0,0.0242758406734906,elganzra
??????,Tanougha,13773.0,0.0242546883290176,tanougha
??????,Bouchabel,13767.0,0.0242441121567811,bouchabel
??????,Amizmiz,13760.0,0.0242317732891719,amizmiz
???? ??? ??????,Sidi Abdelkrim,13759.0,0.0242300105937991,sidiabdelkrim
???? ???? ?? ????,Sidi Youssef Ben Ahmed,13748.0,0.0242106209446989,sidiyoussefbenahmed
???????,El Guerdane,13743.0,0.0242018074678352,elguerdane
??????,Labkhati,13730.0,0.0241788924279894,labkhati
???? ??????,Ighrem N'ougdal,13726.0,0.0241718416464984,ighremnougdal
????????,Bhalil,13717.0,0.0241559773881437,bhalil
???? ??? ??????,Sidi Ali Bel Quassem,13709.0,0.0241418758251617,sidialibelquassem
??????,Loulja,13679.0,0.0240889949639793,loulja
???? ??????,Tidili Fetouaka,13655.0,0.0240466902750333,tidilifetouaka
?????,Tabouda,13635.0,0.0240114363675783,tabouda
??? ??? ????,Ait Harz Allah,13604.0,0.0239567928110231,aitharzallah
???,Bzou,13602.0,0.0239532674202776,bzou
???????,Tendrara,13601.0,0.0239515047249049,tendrara
??? ?????,Souk L'qolla,13590.0,0.0239321150758047,souklqolla
????????,M'nabha,13561.0,0.023880996909995,mnabha
?????,Ifrane,13558.0,0.0238757088238767,ifrane
??? ???,Bni Quolla,13551.0,0.0238633699562675,bniquolla
??? ????,Ait Abbas,13541.0,0.02384574300254,aitabbas
????????,Mansoura,13526.0,0.0238193025719488,mansoura
????? ?? ?????,Ouled Ben Hammadi,13491.0,0.0237576082339026,ouledbenhammadi
???????,Zaitoune,13472.0,0.0237241170218204,zaitoune
????? ???? ??????,Zaouia Sidi Tahar,13461.0,0.0237047273727201,zaouiasiditahar
????? ???? ?????,Ouled Said Loued,13441.0,0.0236694734652652,ouledsaidloued
??????,Zghira,13415.0,0.0236236433855737,zghira
????? ?????,Oulad Ouchih,13408.0,0.0236113045179645,ouledouchih
????? ???? ?? ?????,Moulay Aissa Ben Driss,13398.0,0.023593677564237,moulayaissabendriss
???????,Ouaouizeght,13396.0,0.0235901521734915,ouaouizeght
??????,Aghbala,13372.0,0.0235478474845455,aghbala
??????,Tounfite,13370.0,0.0235443220938,tounfite
????? ????,Ouled Gnaou,13357.0,0.0235214070539543,ouledgnaou
??? ?????,Ras El Oued,13299.0,0.0234191707223349,raseloued
?????,Khalfia,13286.0,0.0233962556824892,khalfia
???????,Ourtzarh,13245.0,0.0233239851722065,ourtzarh
????? ????,Oulad Zarrad,13242.0,0.0233186970860882,ouledzarrad
???,Issen,13240.0,0.0233151716953427,issen
??????,Ounagha,13217.0,0.0232746297017695,ounagha
???????,Tafrant,13216.0,0.0232728670063968,tafrant
????????,Jaidate,13179.0,0.0232076472776051,jaidate
????? ??????,Oulad Sghir,13153.0,0.0231618171979136,ouledsghir
?????,Guettaya,13153.0,0.0231618171979136,guettaya
??? ?????,Bni Yagrine,13098.0,0.0230648689524125,bniyagrine
???? ????,Sidi Daoud,13088.0,0.023047241998685,sididaoud
???? ???? ?? ???,Sidi Moussa Ben Ali,12972.0,0.0228427693354462,sidimoussabenali
???? ?????,Sidi Hammadi,12970.0,0.0228392439447007,sidihammadi
?????? ????????,Rissana Chamalia,12961.0,0.0228233796863459,rissanachamalia
????? ???????,Tamda Noumercid,12959.0,0.0228198542956004,tamdanoumercid
??? ????,Ait Ayach,12932.0,0.0227722615205362,aitayach
??????,El Ouatia,12901.0,0.022717617963981,elouatia
????????,Hiadna,12863.0,0.0226506355398166,hiadna
???????,Tamsaout,12856.0,0.0226382966722074,tamsaout
??? ??????,Souk Tolba,12854.0,0.0226347712814619,souktolba
?????,Er-Rteb,12852.0,0.0226312458907164,errteb
????? ???? ????,Zaouiat Sidi Kacem,12851.0,0.0226294831953436,zaouiatsidikacem
?? ???????,Had Al Gharbia,12835.0,0.0226012800693796,hadelgharbia
????,Lahdar,12809.0,0.0225554499896882,lahdar
??? ??????,Bni Tsiriss,12794.0,0.022529009559097,bnitsiriss
??????,N'khila,12786.0,0.022514907996115,nkhila
??????,Ouaouzgane,12766.0,0.02247965408866,ouaouzgane
??????,Fdalate,12697.0,0.0223580281079404,fdalate
????? ??????,Ksar El Majaz,12642.0,0.0222610798624392,ksarelmajaz
???????,Souaken,12582.0,0.0221553181400743,souaken
??? ??????,Ain Jemaa,12579.0,0.0221500300539561,ainjemaa
???? ?????,Tizi N'isly,12547.0,0.0220936238020281,tizinisly
????? ?????,Moulay Bouchta,12530.0,0.0220636579806914,moulaybouchta
??????,Boudnib,12514.0,0.0220354548547274,boudnib
???????,Reggada,12510.0,0.0220284040732364,reggada
???? ???????,Sidi Bou Othmane,12482.0,0.0219790486027995,sidibouothmane
??????,Ouisselsate,12471.0,0.0219596589536992,ouisselsate
?????,Telouet,12395.0,0.0218256941053704,telouet
??? ????,Bni Hassane,12390.0,0.0218168806285066,bnihassane
????????,Iguerferouane,12365.0,0.0217728132441879,iguerferouane
??? ?????,Ain Bou Ali,12354.0,0.0217534235950877,ainbouali
?????,Tizgane,12287.0,0.0216353230051135,tizgane
???????,Choara,12249.0,0.0215683405809491,choara
?????,Tamedit,12244.0,0.0215595271040854,tamedit
???? ?????,Machraa El Ain,12232.0,0.0215383747596124,machraaelain
?????,Tizguite,12200.0,0.0214819685076844,tizguite
??????,Temsamane,12194.0,0.0214713923354479,temsamane
????? ??????,Gheris El Ouloui,12192.0,0.0214678669447024,gheriselouloui
????????,Labrikiyne,12185.0,0.0214555280770932,labrikiyne
????,Guisser,12185.0,0.0214555280770932,guisser
???? ??? ???? ??????,Sidi Abdellah Al Khayat,12158.0,0.021407935302029,sidiabdellahelkhayat
????? ?????,Oulad Hamdane,12130.0,0.021358579831592,ouledhamdane
?????,Ouannana,12123.0,0.0213462409639828,ouannana
????,Tissa,12095.0,0.0212968854935458,tissa
????? ????,Oulad Fares,12093.0,0.0212933601028003,ouledfares
??? ????,Bni Khloug,12092.0,0.0212915974074276,bnikhloug
??? ?????,Ras Laksar,12085.0,0.0212792585398184,raslaksar
??? ????,Oued Malha,12075.0,0.0212616315860909,ouedmalha
?????? ????,Boumalne-Dades,12074.0,0.0212598688907181,boumalnedades
????? ?????,Oulad Amrane,12058.0,0.0212316657647542,ouledamrane
???????,Laghoualem,12051.0,0.0212193268971449,laghoualem
??????,Ouaklim,12050.0,0.0212175642017722,ouaklim
???? ???,Dayat-Aoua,12048.0,0.0212140388110267,dayataoua
???????,Laamamra,12023.0,0.021169971426708,laamamra
??? ??????,Ait Bou Oulli,11992.0,0.0211153278701528,aitbououlli
????Â ??????,MÃ©chouar-Kasba,11986.0,0.0211047516979163,machouarkasba
??? ????????,Sebt Loudaya,11981.0,0.0210959382210525,sebtloudaya
????? ?????,Agoudi N'lkhair,11963.0,0.0210642097043431,agoudinlkhair
??????,Iznaguen,11953.0,0.0210465827506156,iznaguen
??? ?? ????,Dar Si Aissa,11949.0,0.0210395319691246,darsiaissa
??? ????? ???????,Bni M'hamed-Sijelmassa,11925.0,0.0209972272801786,bnimhamedsijelmassa
??????,Lamhadi,11910.0,0.0209707868495874,lamhadi
???????,Al Hamra,11877.0,0.0209126179022867,elhamra
????? ??????,Ferkla Es-Soufla,11875.0,0.0209090925115412,ferklaessoufla
?????,Jorf,11864.0,0.020889702862441,jorf
???? ????,Jamaat Shaim,11860.0,0.02088265208095,jamaatshaim
??? ??????,Bir Taleb,11843.0,0.0208526862596133,birtaleb
???????,Toualet,11822.0,0.0208156696567855,toualet
?????,Kissane,11763.0,0.0207116706297934,kissane
??? ????,Ait Ouallal,11751.0,0.0206905182853204,aitouallal
????? ????,Zaouiat Saiss,11730.0,0.0206535016824927,zaouiatsaiss
????? ????,Oulad Aissa,11730.0,0.0206535016824927,ouledaissa
??????? ???????,Zaouia Annahlia,11722.0,0.0206394001195107,zaouiaannahlia
????,H'ssyia,11713.0,0.020623535861156,hssyia
?????,Azghar,11707.0,0.0206129596889195,azghar
???? ???? ??????,Sidi Ameur Al Hadi,11703.0,0.0206059089074285,sidiameurelhadi
????,Tilmi,11691.0,0.0205847565629555,tilmi
?????,Teroual,11673.0,0.020553028046246,teroual
??????,Matmata,11665.0,0.020538926483264,matmata
??????,Lamhara,11620.0,0.0204596051914904,lamhara
?????,Tamanar,11616.0,0.0204525544099994,tamanar
?????,Tissaf,11615.0,0.0204507917146266,tissaf
???????,Tilougguite,11591.0,0.0204084870256807,tilougguite
????? ????,Oulad Nouel,11578.0,0.0203855719858349,oulednouel
?????,Ahlaf,11575.0,0.0203802838997167,ahlaf
??????,Timahdite,11570.0,0.0203714704228529,timahdite
??????,Bouadel,11564.0,0.0203608942506165,bouadel
???? ????,Sidi Aayad,11561.0,0.0203556061644982,sidiaayad
?????,Dzouz,11526.0,0.020293911826452,dzouz
???????,Louadaine,11523.0,0.0202886237403338,louadaine
????????,Jbilate,11511.0,0.0202674713958608,jbilate
????????,Brachoua,11505.0,0.0202568952236243,brachoua
????? ??????,Zaouiat Lakouacem,11490.0,0.0202304547930331,zaouiatlakouacem
????,Asjen,11479.0,0.0202110651439328,asjen
????,Mayate,11443.0,0.0201476081105139,mayate
????? ??????,Oulad Freiha,11406.0,0.0200823883817222,ouledfreiha
???????,Touama,11401.0,0.0200735749048585,touama
??????,El Menzel,11398.0,0.0200682868187402,elmenzel
??? ??,Oued Laou,11388.0,0.0200506598650127,ouedlaou
??????,Tansifte,11362.0,0.0200048297853213,tansifte
???????,Trougout,11346.0,0.0199766266593573,trougout
????? ???????,Moulay Brahim,11328.0,0.0199448981426478,moulaybrahim
??? ????,Bni Garfett,11310.0,0.0199131696259384,bnigarfett
????????,Derdara,11276.0,0.0198532379832649,derdara
????,Charrate,11262.0,0.0198285602480464,charrate
????? ??????,Zaouiat Ahansal,11255.0,0.0198162213804372,zaouiatahansal
????????,Chouihia,11249.0,0.0198056452082007,chouihia
???? ??????,Sidi El Abed,11240.0,0.019789780949846,sidielabed
???? ?? ????,Kariat Ben Aouda,11238.0,0.0197862555591005,kariatbenaouda
???????,Iaazzanene,11186.0,0.0196945953997176,iaazzanene
????,Agdz,11180.0,0.0196840192274811,agdz
?????,Ahdil,11130.0,0.0195958844588437,ahdil
??? ????,Ait Hani,11120.0,0.0195782575051162,aithani
?????,Imlil,11118.0,0.0195747321143707,imlil
???????,Rommani,11114.0,0.0195676813328797,rommani
??? ????,Sebt Saiss,11051.0,0.0194566315243965,sebtsaiss
????,Mniaa,11048.0,0.0194513434382783,mniaa
???? ????? ?????,Sidi M'hamed Akhdim,11038.0,0.0194337164845508,sidimhamedakhdim
??? ???????,Ain Bida,11018.0,0.0193984625770958,ainbida
??????? ???????,Igoudar Mnabha,10956.0,0.0192891754639854,igoudarmnabha
??????,Tamezmoute,10950.0,0.019278599291749,tamezmoute
??? ??????,M'zem Sanhaja,10945.0,0.0192697858148852,mzemsanhaja
??? ????,Bni Drar,10906.0,0.019201040695348,bnidrar
????,Tifni,10906.0,0.019201040695348,tifni
??????,Steha,10896.0,0.0191834137416205,steha
??? ?????,Ouad Amlil,10896.0,0.0191834137416205,ouadamlil
????? ???,Oulad Abbou,10894.0,0.019179888350875,ouledabbou
????????,Imindounit,10890.0,0.019172837569384,imindounit
?????,Al Oued,10875.0,0.0191463971387928,eloued
?????????,Mallalienne,10874.0,0.0191446344434201,mallalienne
?????,Tanant,10872.0,0.0191411090526746,tanant
???????,Lounasda,10866.0,0.0191305328804381,lounasda
????????,El Gouraani,10859.0,0.0191181940128288,elgouraani
???????,Lahsasna,10854.0,0.0191093805359651,lahsasna
????????,Maaziz,10812.0,0.0190353473303097,maaziz
??? ???? ???????,Bni Ahmed Cherqia,10800.0,0.0190141949858367,bniahmedcherqia
????? ????,Oulad Daoud,10800.0,0.0190141949858367,ouleddaoud
??? ???,Bni Lent,10798.0,0.0190106695950912,bnilent
?????,Ouargui,10786.0,0.0189895172506182,ouargui
???? ?????,Sidi Borja,10736.0,0.0189013824819808,sidiborja
?????,Jaqma,10733.0,0.0188960943958626,jaqma
??????,Fraita,10721.0,0.0188749420513896,fraita
????????,Lakhnafif,10706.0,0.0188485016207983,lakhnafif
??????,Bouanane,10701.0,0.0188396881439346,bouanane
????????,Jaafra,10689.0,0.0188185357994616,jaafra
????? ???? ??????,Oulad Yahia Lagraire,10686.0,0.0188132477133434,ouledyahialagraire
?????,Gmassa,10674.0,0.0187920953688704,gmassa
??? ?????,Ahl Oued Za,10672.0,0.0187885699781249,ahlouedza
?????? ???????,Aghbalou-N'kerdous,10672.0,0.0187885699781249,aghbalounkerdous
?????,Marchouch,10663.0,0.0187727057197702,marchouch
??? ???? ???????,Bni Ahmed Gharbia,10623.0,0.0187021979048602,bniahmedgharbia
???? ??????,Sidi Lyamani,10615.0,0.0186880963418782,sidilyamani
???? ??????,Sidi Laaroussi,10604.0,0.018668706692778,sidilaaroussi
??? ????,Ain Legdah,10597.0,0.0186563678251688,ainlegdah
?????,Jbiel,10593.0,0.0186493170436778,jbiel
???????,El Argoub,10558.0,0.0185876227056316,elargoub
?????,El Faid,10553.0,0.0185788092287678,elfaid
??? ????,Bni Salah,10535.0,0.0185470807120584,bnisalah
??? ????,Ait Zineb,10529.0,0.0185365045398219,aitzineb
?????,Itzer,10513.0,0.0185083014138579,itzer
???? ???? ?? ????,Sidi Mohammed Ben Rahal,10511.0,0.0185047760231124,sidimohammedbenrahal
???????,Laqraqra,10492.0,0.0184712848110302,laqraqra
?????,Abadou,10482.0,0.0184536578573027,abadou
???????-?????,Ksabi-Moulouya,10471.0,0.0184342682082025,ksabimoulouya
??? ????,Bni Said,10465.0,0.018423692035966,bnisaid
??? ????,Bni Mathar,10463.0,0.0184201666452205,bnimathar
????,Chahda,10449.0,0.018395488910002,chahda
??????,Lamsabih,10443.0,0.0183849127377655,lamsabih
???? ????? ???????,Moha Ou Hammou Zayani,10443.0,0.0183849127377655,mohaouhammouzayani
????????,Saidia,10440.0,0.0183796246516473,saidia
??? ??????,Ain Sbit,10425.0,0.0183531842210561,ainsbit
??? ?????,Bni Chegdale,10413.0,0.0183320318765831,bnichegdale
??????,Tainaste,10407.0,0.0183214557043466,tainaste
??????,Atouabet,10378.0,0.0182703375385369,atouabet
??? ????,Ait Igas,10378.0,0.0182703375385369,aitigas
?????,Selfat,10366.0,0.0182491851940639,selfat
??? ?????,Ain Beida,10359.0,0.0182368463264547,ainbeida
?????,M'tioua,10325.0,0.0181769146837812,mtioua
????? ???? ??????,Ifrane Atlas Saghir,10315.0,0.0181592877300537,ifraneatlassaghir
??? ?????,Imi-Mqourn,10312.0,0.0181539996439355,imimqourn
???????,Chbanate,10303.0,0.0181381353855808,chbanate
??????,Aghbalou,10294.0,0.018122271127226,aghbalou
????? ??? ?????,Fennassa Bab El Hit,10285.0,0.0181064068688713,fennassababelhit
???????,Jouala,10280.0,0.0180975933920075,jouala
??? ?????,Oued Ifrane,10266.0,0.0180729156567891,ouedifrane
???? ????,Sidi Rahal,10258.0,0.0180588140938071,sidirahal
??????,Taounza,10254.0,0.0180517633123161,taounza
???? ???? ?????,Kandar Sidi Khiar,10254.0,0.0180517633123161,kandarsidikhiar
?????,Zaggota,10245.0,0.0180358990539613,zaggota
??????,Toundoute,10174.0,0.0179107476824962,toundoute
??? ??? ????,Dar Bni Karrich,10115.0,0.0178067486555041,darbnikarrich
??????,Bou-Azmou,10097.0,0.0177750201387946,bouazmou
???????,Bouchfaa,10093.0,0.0177679693573036,bouchfaa
???????,Tigrigra,10085.0,0.0177538677943216,tigrigra
???? ?????,Sidi Ishaq,10055.0,0.0177009869331392,sidiishaq
??????,Jouamaa,10036.0,0.0176674957210569,jouamaa
????? ????? ?????,My Idriss Zerhoun,10033.0,0.0176622076349387,myidrisszerhoun
?????,Tamaguert,10022.0,0.0176428179858385,tamaguert
??????,Tarfaya,10020.0,0.017639292595093,tarfaya
????,Takate,9993.0,0.0175916998200288,takate
???????,Bouzeroual,9972.0,0.017554683217201,bouzeroual
???????,Laamria,9953.0,0.0175211920051188,laamria
???? ????,Sidi Ouassay,9939.0,0.0174965142699003,sidiouassay
???? ?????,Sidi Boutayeb,9936.0,0.0174912261837821,sidiboutayeb
??????,Tioughza,9927.0,0.0174753619254274,tioughza
?????? ??????,Aghbalou Aqorar,9920.0,0.0174630230578181,aghbalouaqorar
????,Figuig,9903.0,0.0174330572364814,figuig
????? ????,Tnine Aglou,9863.0,0.0173625494215715,tnineaglou
??????,Bouabout,9823.0,0.0172920416066615,bouabout
??????,Chaibate,9821.0,0.017288516215916,chaibate
????? ????,Oulad Ayyad,9763.0,0.0171862798842966,ouledayyad
???? ???? ??????,Sidi Ahmed El Khadir,9731.0,0.0171298736323687,sidiahmedelkhadir
??? ?????,Mirleft,9731.0,0.0171298736323687,mirleft
????,Hattane,9727.0,0.0171228228508777,hattane
???????,Bouguargouh,9718.0,0.0171069585925229,bouguargouh
??????,El Hammam,9697.0,0.0170699419896952,elhammam
???? ?????,Sidi Bousber,9671.0,0.0170241119100038,sidibousber
??? ????,Hel Merbaa,9660.0,0.0170047222609035,helmerbaa
????? ?????,Oulad Imloul,9659.0,0.0170029595655308,ouledimloul
????? ???? ??? ?? ????,Oulad Sidi Ali Ben Youssef,9641.0,0.0169712310488213,ouledsidialibenyoussef
???? ??????,Sidi El Hattab,9638.0,0.0169659429627031,sidielhattab
??? ????,Bni Ftah,9632.0,0.0169553667904666,bniftah
???????,Boujedyane,9623.0,0.0169395025321119,boujedyane
???????,Amskroud,9617.0,0.0169289263598754,amskroud
????? ???? ????,Oulad Yahya Louta,9612.0,0.0169201128830116,ouledyahyalouta
?????,Bouchane,9591.0,0.0168830962801839,bouchane
??????,Tlauh,9586.0,0.0168742828033202,tlauh
???? ????,Sidi Aissa,9527.0,0.016770283776328,sidiaissa
??????,Tinejdad,9525.0,0.0167667583855825,tinejdad
??????,Errouha,9519.0,0.016756182213346,errouha
????? ?????,Oulad Chbana,9513.0,0.0167456060411095,ouledchbana
????????,Korimate,9476.0,0.0166803863123178,korimate
???? ?????,Sidi El Mekki,9473.0,0.0166750982261996,sidielmekki
?????,Lamharra,9469.0,0.0166680474447086,lamharra
???????,El Marbouh,9468.0,0.0166662847493359,elmarbouh
???? ??? ????,Sidi Abdellah,9447.0,0.0166292681465081,sidiabdellah
?? ?????,Had Dra,9435.0,0.0166081158020352,haddra
????????,Sgamna,9427.0,0.0165940142390532,sgamna
???????,Moqrissat,9413.0,0.0165693365038347,moqrissat
????? ?????,Oulad Mimoun,9398.0,0.0165428960732435,ouledmimoun
??? ??????,Ait Ouribel,9375.0,0.0165023540796703,aitouribel
?? ??????,Foum Jemaa,9371.0,0.0164953032981793,foumjemaa
????????,Taouloukoult,9360.0,0.016475913649079,taouloukoult
????? ???? ??????,Moulay Ahmed Cherif,9357.0,0.0164706255629608,moulayahmedcherif
??????,Rfala,9352.0,0.016461812086097,rfala
???????,Tiztoutine,9348.0,0.0164547613046061,tiztoutine
????????,Zrarda,9339.0,0.0164388970462513,zrarda
???? ?? ???,Machraa Ben Abbou,9331.0,0.0164247954832693,machraabenabbou
????? ???? ???????,Zaouiat Sidi Ben Hamdoun,9315.0,0.0163965923573054,zaouiatsidibenhamdoun
????????,Laatamna,9312.0,0.0163913042711871,laatamna
??????,Taghramt,9305.0,0.0163789654035779,taghramt
???????,Laanoussar,9285.0,0.0163437114961229,laanoussar
??? ?????,Bni Faghloum,9260.0,0.0162996441118042,bnifaghloum
?????,Metrane,9199.0,0.0161921196940665,metrane
???? ??????,Sidi Ouaaziz,9195.0,0.0161850689125756,sidiouaaziz
??????,Taghbalte,9176.0,0.0161515777004933,taghbalte
????? ????,Oulad Khallouf,9172.0,0.0161445269190023,ouledkhallouf
??????,Imilchil,9159.0,0.0161216118791566,imilchil
????? ????,Louad Lakhdar,9124.0,0.0160599175411104,louadlakhdar
?????? ?????,Moualine El Oued,9117.0,0.0160475786735012,moualineeloued
????? ?????,Ouled M'hamed,9081.0,0.0159841216400822,ouledmhamed
?????,Tamda,9043.0,0.0159171392159178,tamda
??????,Taghjijt,9033.0,0.0158995122621903,taghjijt
?????,Tiddas,9013.0,0.0158642583547353,tiddas
?????,Oualili,9008.0,0.0158554448778716,oualili
??????,Freija,9004.0,0.0158483940963806,freija
??????,Et-Taous,9001.0,0.0158431060102624,ettaous
??? ?????,Ain Leuh,8985.0,0.0158149028842984,ainleuh
????? ????,Oulad Azzouz,8983.0,0.0158113774935529,ouledazzouz
???? ??????,Sidi Dahbi,8972.0,0.0157919878444527,sididahbi
??? ????,Bni Oulid,8966.0,0.0157814116722162,bnioulid
??? ?? ??,Bir Tam-Tam,8954.0,0.0157602593277432,birtamtam
??? ????,Bni Ykhlef,8928.0,0.0157144292480517,bniykhlef
??? ??????,Bni Bouchibet,8909.0,0.0156809380359695,bnibouchibet
?????,Aoufous,8886.0,0.0156403960423963,aoufous
??? ?????,Ait Ouassif,8885.0,0.0156386333470236,aitouassif
?????,Smimou,8883.0,0.0156351079562781,smimou
???????,Bounaamane,8880.0,0.0156298198701598,bounaamane
?????????,Lambarkiyne,8863.0,0.0155998540488231,lambarkiyne
??? ????,Ouaoumana,8850.0,0.0155769390089774,ouaoumana
??? ????,Ait Hadi,8844.0,0.0155663628367409,aithadi
???????,Brikcha,8777.0,0.0154482622467667,brikcha
????,M'tal,8773.0,0.0154412114652757,mtal
?????,Tissint,8773.0,0.0154412114652757,tissint
????? ????,Oulad Said,8742.0,0.0153865679087205,ouledsaid
?????????,Sahtryine,8733.0,0.0153707036503658,sahtryine
??? ????,Ait Aadel,8724.0,0.0153548393920111,aitaadel
?????? ??????,Arbaa Sahel,8709.0,0.0153283989614198,arbaasahel
?????,Iqaddar,8705.0,0.0153213481799288,iqaddar
??? ??????,Ain Zohra,8704.0,0.0153195854845561,ainzohra
??? ??????,Souk Kdim,8699.0,0.0153107720076924,soukkdim
???????,M'semrir,8686.0,0.0152878569678466,msemrir
???????,Amerzgane,8683.0,0.0152825688817284,amerzgane
??????,Idelsane,8680.0,0.0152772807956101,idelsane
????,Lehri,8669.0,0.0152578911465099,lehri
????,Tatoft,8657.0,0.0152367388020369,tatoft
??? ????,Ait Taguella,8656.0,0.0152349761066642,aittaguella
?????,Ajdir,8638.0,0.0152032475899547,ajdir
???? ????? ????????,Sidi Bouzid Arragragui,8622.0,0.0151750444639907,sidibouzidarragragui
????????,El Aamria,8614.0,0.0151609429010087,elaamria
?????,Aklim,8613.0,0.015159180205636,aklim
???? ?????,Kasbat Troch,8612.0,0.0151574175102632,kasbattroch
??????,Zaaroura,8611.0,0.0151556548148905,zaaroura
??? ?????,Ain Maatouf,8607.0,0.0151486040333995,ainmaatouf
??? ????,Ait Milk,8603.0,0.0151415532519085,aitmilk
???????,Es-Sfalat,8586.0,0.0151115874305718,essfalat
????,Siroua,8584.0,0.0151080620398263,siroua
???? ????,Sidi Moussa,8581.0,0.015102773953708,sidimoussa
?????,Amtar,8568.0,0.0150798589138623,amtar
???? ??????,Outabouabane,8558.0,0.0150622319601348,outabouabane
??? ????,Had Kourt,8554.0,0.0150551811786438,hadkourt
?????,Toubkal,8536.0,0.0150234526619344,toubkal
?????,Bouhlou,8503.0,0.0149652837146337,bouhlou
??????,Irhzrane,8498.0,0.0149564702377699,irhzrane
???????,Chtaiba,8480.0,0.0149247417210605,chtaiba
?????,Gdana,8462.0,0.014893013204351,gdana
???? ??????,Sidi Boutmim,8460.0,0.0148894878136055,sidiboutmim
??? ???????-?????,Ain Dorbane-Lahlaf,8451.0,0.0148736235552508,aindorbanelahlaf
??? ????????,Dar El Kebdani,8444.0,0.0148612846876415,darelkebdani
??? ????,Bni Snous,8432.0,0.0148401323431685,bnisnous
??????,Mzoura,8424.0,0.0148260307801865,mzoura
????,Riah,8420.0,0.0148189799986956,riah
??? ??????,Bni Boufrah,8387.0,0.0147608110513949,bniboufrah
??????,Tsaft,8377.0,0.0147431840976674,tsaft
??? ???????,Lalla Takarkoust,8368.0,0.0147273198393126,lallatakarkoust
?????????,Mrhassiyine,8352.0,0.0146991167133487,mrhassiyine
???? ????,Sidi Ghanem,8345.0,0.0146867778457394,sidighanem
?? ?????,Ben Maachou,8338.0,0.0146744389781302,benmaachou
???? ????????,Sidi Boushab,8335.0,0.0146691508920119,sidiboushab
???????,Ermila,8333.0,0.0146656255012664,ermila
?????-????,Skoura M'daz,8297.0,0.0146021684678475,skouramdaz
?????,Lagfaf,8290.0,0.0145898296002383,lagfaf
???????,Taznakht,8265.0,0.0145457622159196,taznakht
??? ???,Bni Guil,8249.0,0.0145175590899556,bniguil
??????,Allougoum,8248.0,0.0145157963945828,allougoum
??????,Gteter,8217.0,0.0144611528380276,gteter
???????,Zinat,8214.0,0.0144558647519094,zinat
????,Rima,8203.0,0.0144364751028092,rima
?????,Messassa,8195.0,0.0144223735398272,messassa
??????,Tafersit,8194.0,0.0144206108444544,tafersit
??? ????? ?????,Bni Sidel Jbel,8194.0,0.0144206108444544,bnisideljbel
??? ????,Ait Ikkou,8179.0,0.0143941704138632,aitikkou
????,Semguet,8167.0,0.0143730180693902,semguet
????? ??????,Oulad Boughadi,8146.0,0.0143360014665625,ouledboughadi
??????? ????????,Gzenaya Al Janoubia,8125.0,0.0142989848637348,gzenayaeljanoubia
?????,Allyene,8109.0,0.0142707817377708,allyene
??? ?????-??? ????,Ait Hkim-Ait Yzid,8104.0,0.0142619682609071,aithkimaityzid
?????,Tanaqoub,8097.0,0.0142496293932978,tanaqoub
??????,Boumerieme,8063.0,0.0141896977506244,boumerieme
?????,Senada,8059.0,0.0141826469691334,senada
??? ??????,Ait Taleb,8058.0,0.0141808842737606,aittaleb
?????,Assaki,8046.0,0.0141597319292877,assaki
?? ????,Foum Zguid,8044.0,0.0141562065385422,foumzguid
???? ????,Sidi Ghanem,8039.0,0.0141473930616784,sidighanem
????? ????,Oulad M'rah,8024.0,0.0141209526310872,ouledmrah
??? ??? ???,Sebt Ait Rahou,8018.0,0.0141103764588507,sebtaitrahou
??? ???????,Melg El Ouidane,8009.0,0.014094512200496,melgelouidane
??????,M'hajer,8008.0,0.0140927495051232,mhajer
??????,Talambote,8007.0,0.0140909868097505,talambote
???? ?????,Assif El Mal,8002.0,0.0140821733328867,assifelmal
??????,Fezouata,8001.0,0.014080410637514,fezouata
???????,Boudinar,7994.0,0.0140680717699047,boudinar
?????,Enjil,7982.0,0.0140469194254318,enjil
???? ????? ?????,Sidi M'hamed Chelh,7977.0,0.014038105948568,sidimhamedchelh
??????,Ouzioua,7977.0,0.014038105948568,ouzioua
???????,Boutferda,7952.0,0.0139940385642493,boutferda
?????,Iguidi,7949.0,0.0139887504781311,iguidi
????,Isly,7933.0,0.0139605473521671,isly
??????,Mrizigue,7926.0,0.0139482084845579,mrizigue
???? ???? ??????,Sidi Ahmed Cherif,7913.0,0.0139252934447121,sidiahmedcherif
??? ???????,Ait Bourzouine,7906.0,0.0139129545771029,aitbourzouine
???? ??????,Sidi Mokhfi,7896.0,0.0138953276233754,sidimokhfi
????? ??????,Oulad Chrif,7882.0,0.0138706498881569,ouledchrif
???? ????? ?????,Sidi Haj M'hamed,7880.0,0.0138671244974114,sidihajmhamed
????? ??????,Skoura Lhadra,7877.0,0.0138618364112932,skouralhadra
?????,Jahjouh,7865.0,0.0138406840668202,jahjouh
??? ?? ?????,Ait Oum El Bekht,7863.0,0.0138371586760747,aitoumelbekht
????,Arazane,7832.0,0.0137825151195195,arazane
??? ???????,Dar Gueddari,7826.0,0.013771938947283,dargueddari
?? ??????,Oum Rabia,7821.0,0.0137631254704193,oumrabia
??? ??????,Oued Jemaa,7804.0,0.0137331596490826,ouedjemaa
??????,Msila,7799.0,0.0137243461722188,msila
????? ???? ????,Oulad Hassoune Hamri,7792.0,0.0137120073046096,ouledhassounehamri
?????,Eddir,7767.0,0.0136679399202909,eddir
??????,N'kob,7742.0,0.0136238725359722,nkob
??? ?????,Bni Gmil,7741.0,0.0136221098405994,bnigmil
????? ??? ??????,Moulay Abdelkader,7740.0,0.0136203471452267,moulayabdelkader
??????,Iksane,7731.0,0.0136044828868719,iksane
????? ?????,Oulad El Garne,7722.0,0.0135886186285172,ouledelgarne
??? ?????,Ait Blal,7722.0,0.0135886186285172,aitblal
??????,Nekkour,7720.0,0.0135850932377717,nekkour
??????,Mezraoua,7711.0,0.013569228979417,mezraoua
???????,El Orjane,7706.0,0.0135604155025532,elorjane
???? ???? ??????,Sidi Ahmed Benaissa,7685.0,0.0135233988997255,sidiahmedbenaissa
???? ???????,Sidi Boulaalam,7681.0,0.0135163481182345,sidiboulaalam
????? ??? ????,N'zalat Bni Amar,7669.0,0.0134951957737615,nzalatbniamar
??????,Ouirgane,7663.0,0.013484619601525,ouirgane
???? ???????,Sidi El Rhandour,7644.0,0.0134511283894428,sidielrhandour
??? ?????,Ain Lehjer,7643.0,0.0134493656940701,ainlehjer
??? ?????,Bab Tiouka,7626.0,0.0134193998727333,babtiouka
?????,Saddina,7619.0,0.0134070610051241,saddina
???? ????,Ida Ou Aazza,7604.0,0.0133806205745329,idaouaazza
???? ????,Sidi Bettache,7592.0,0.0133594682300599,sidibettache
????? ?????,Moulay Bouazza,7588.0,0.0133524174485689,moulaybouazza
??? ???? ???????,Bni Ahmed Imoukzan,7580.0,0.0133383158855869,bniahmedimoukzan
???? ???? ????????,Sidi Aissa Regragui,7567.0,0.0133154008457412,sidiaissaregragui
????,Afra,7554.0,0.0132924858058955,afra
??? ?????,Ida-Ougoummad,7543.0,0.0132730961567952,idaougoummad
???????,Zrizer,7539.0,0.0132660453753042,zrizer
??? ?????,Ras-El-Ma,7524.0,0.013239604944713,raselma
??? ?????,Lalla Aaziza,7512.0,0.01321845260024,lallaaaziza
??????,M'garto,7508.0,0.013211401818749,mgarto
?????? ????,Agadir Melloul,7504.0,0.013204351037258,agadirmelloul
??????,M'zizel,7502.0,0.0132008256465125,mzizel
??? ?????,Ahl Ramel,7496.0,0.0131902494742761,ahlramel
????? ????,Ouled Cebbah,7489.0,0.0131779106066668,ouledcebbah
????????,El Bsabsa,7476.0,0.0131549955668211,elbsabsa
??? ????,Ait Kamra,7461.0,0.0131285551362299,aitkamra
???????,Lakhzazra,7455.0,0.0131179789639934,lakhzazra
??? ????,Ain Lahsan,7450.0,0.0131091654871296,ainlahsan
???? ?????,Hassi-Berkane,7448.0,0.0131056400963841,hassiberkane
???????,Zagmouzen,7398.0,0.0130175053277467,zagmouzen
????,Tekna,7396.0,0.0130139799370012,tekna
???????,Smia,7385.0,0.012994590287901,smia
????,Oudka,7379.0,0.0129840141156645,oudka
?????,Tabia,7354.0,0.0129399467313458,tabia
??????,Tafetachte,7342.0,0.0129187943868728,tafetachte
??? ????,Bni Arouss,7333.0,0.0129029301285181,bniarouss
?????,Khouzama,7321.0,0.0128817777840451,khouzama
??? ???????,Had Bouhssoussen,7303.0,0.0128500492673356,hadbouhssoussen
????? ?? ??????,Zaouiat Ben Hmida,7302.0,0.0128482865719629,zaouiatbenhmida
??? ???????,Sebt Azzinate,7263.0,0.0127795414524257,sebtazzinate
??????,Znada,7230.0,0.012721372505125,znada
??? ????,Ait Izdeg,7230.0,0.012721372505125,aitizdeg
???? ????,Afalla Issen,7221.0,0.0127055082467703,afallaissen
??? ???? ???????,Bni Gmil Maksouline,7214.0,0.012693169379161,bnigmilmaksouline
??? ???,Ait Hammou,7188.0,0.0126473392994696,aithammou
????? ??????,Oulad Cherki,7185.0,0.0126420512133513,ouledcherki
????,Ghassate,7158.0,0.0125944584382871,ghassate
??????,El Menzeh,7143.0,0.0125680180076959,elmenzeh
??????,Assebbab,7136.0,0.0125556791400866,assebbab
???? ??????,Talat N'yaaqoub,7134.0,0.0125521537493411,talatnyaaqoub
???? ?????,Imi-N'tlit,7123.0,0.0125327641002409,imintlit
?????,Rhafsai,7117.0,0.0125221879280044,rhafsai
??????,Imsouane,7096.0,0.0124851713251767,imsouane
????? ?????,Oulad Moumna,7092.0,0.0124781205436857,ouledmoumna
??????,Mezguita,7084.0,0.0124640189807037,mezguita
??????,Bizdad,7077.0,0.0124516801130945,bizdad
??? ???????,Oued Naanaa,7075.0,0.012448154722349,ouednaanaa
????????,Sfassif,7071.0,0.012441103940858,sfassif
???????,Taouyalte,7069.0,0.0124375785501125,taouyalte
??? ?????,Ait Mimoune,7063.0,0.012427002377876,aitmimoune
??????,Adassil,7059.0,0.012419951596385,adassil
???? ??? ??????,Sidi Abdelmoumen,7055.0,0.012412900814894,sidiabdelmoumen
??? ?????,Kaf El Ghar,7054.0,0.0124111381195213,kafelghar
??????,Ouneine,7042.0,0.0123899857750483,ouneine
??????,Ouardana,7030.0,0.0123688334305753,ouardana
??????,Lahouaza,7018.0,0.0123476810861023,lahouaza
????? ????,Oulad Aamer,6996.0,0.0123089017879019,ouledaamer
????,Bourd,6996.0,0.0123089017879019,bourd
???????,Imrabten,6982.0,0.0122842240526834,imrabten
??????,Taliouine,6969.0,0.0122613090128377,taliouine
????????,Braksa,6948.0,0.0122242924100099,braksa
??????,Eddachra,6929.0,0.0121908011979277,eddachra
?????,Ayacha,6925.0,0.0121837504164367,ayacha
??????,Tassift,6924.0,0.012181987721064,tassift
????? ????,Oulad Fennane,6912.0,0.012160835376591,ouledfennane
???? ???? ??????,Sidi Yahya Ou Saad,6911.0,0.0121590726812183,sidiyahyaousaad
???????,Lagnadiz,6905.0,0.0121484965089818,lagnadiz
???????,Imoulass,6889.0,0.0121202933830178,imoulass
????? ??????,Gheris Es-Soufli,6877.0,0.0120991410385448,gherisessoufli
???? ???? ??????,Sidi Allal Lamsadder,6875.0,0.0120956156477993,sidiallallamsadder
??????,Tazemmourt,6856.0,0.0120621244357171,tazemmourt
????????,Timoulilt,6852.0,0.0120550736542261,timoulilt
??? ???????,Bni Bouifrour,6844.0,0.0120409720912441,bnibouifrour
??????,Rouadi,6838.0,0.0120303959190076,rouadi
????,Assoul,6825.0,0.0120074808791619,assoul
???? ???? ????,Khemis Sidi Yahya,6821.0,0.0120004300976709,khemissidiyahya
??????,Askaouen,6813.0,0.0119863285346889,askaouen
?????,Kerrouchen,6794.0,0.0119528373226067,kerrouchen
????? ?????,Oulad Yaacoub,6791.0,0.0119475492364884,ouledyaacoub
?????,Barkine,6785.0,0.011936973064252,barkine
?????? ?????,Aguelmam Azegza,6779.0,0.0119263968920155,aguelmamazegza
???? ????,Sidi Lahsen,6776.0,0.0119211088058972,sidilahsen
????????,Timezgadiouine,6776.0,0.0119211088058972,timezgadiouine
???????,Atiamim,6774.0,0.0119175834151517,atiamim
??????,Maghraoua,6771.0,0.0119122953290335,maghraoua
???????,Outerbat,6763.0,0.0118981937660515,outerbat
????,Fifi,6762.0,0.0118964310706787,fifi
??????,Boulemane,6759.0,0.0118911429845605,boulemane
???? ??? ???????,Sidi Ali Labrahla,6718.0,0.0118188724742778,sidialilabrahla
??? ??????,Ras Ijerri,6707.0,0.0117994828251776,rasijerri
???? ??????,Sidi Hsaine,6706.0,0.0117977201298048,sidihsaine
?? ????,Ben Smim,6704.0,0.0117941947390593,bensmim
???????,Lagdadra,6699.0,0.0117853812621956,lagdadra
????????,Afella N'dra,6657.0,0.0117113480565402,afellandra
????? ?????,Oulad Mtaa,6638.0,0.0116778568444579,ouledmtaa
??????,Brarha,6625.0,0.0116549418046122,brarha
??? ???,Bni Oual,6623.0,0.0116514164138667,bnioual
????????,Tafraouten,6604.0,0.0116179252017845,tafraouten
??? ??????,Ain Timguenai,6598.0,0.011607349029548,aintimguenai
???? ??? ???? ?????????,Sidi Abdallah El Bouchouari,6577.0,0.0115703324267203,sidiabdallahelbouchouari
????? ??? ??????,Moulay Abdelkrim,6557.0,0.0115350785192653,moulayabdelkrim
????? ?????,Ouled Zidane,6554.0,0.0115297904331471,ouledzidane
??????,Maatarka,6552.0,0.0115262650424016,maatarka
??????,Es-Sifa,6531.0,0.0114892484395739,essifa
????? ????,Oulad Sbih,6512.0,0.0114557572274917,ouledsbih
?????,Aglif,6499.0,0.0114328421876459,aglif
??? ??????,Bni Bounsar,6495.0,0.0114257914061549,bnibounsar
??????,M'ramer,6488.0,0.0114134525385457,mramer
???,Mejji,6479.0,0.011397588280191,mejji
?????,Laghdir,6454.0,0.0113535208958722,laghdir
??? ????,Bni Harchen,6423.0,0.011298877339317,bniharchen
?????? ??????,Bouabout Amdlane,6405.0,0.0112671488226076,bouaboutamdlane
???,Tiqqi,6378.0,0.0112195560475434,tiqqi
???????,Targante,6358.0,0.0111843021400884,targante
??????,Izemmouren,6345.0,0.0111613871002427,izemmouren
????????,Saidate,6330.0,0.0111349466696514,saidate
?????,Bourrous,6316.0,0.011110268934433,bourrous
????? ????? ?????,Oulad Bouali Loued,6289.0,0.0110626761593688,ouledboualiloued
?????,Nfifa,6281.0,0.0110485745963868,nfifa
???? ???????,Oued El Makhazine,6264.0,0.0110186087750501,ouedelmakhazine
??????,Bghaghza,6238.0,0.0109727786953586,bghaghza
??? ????,Bni Khaled,6231.0,0.0109604398277494,bnikhaled
????,Adis,6227.0,0.0109533890462584,adis
???????,Mzefroune,6226.0,0.0109516263508856,mzefroune
????? ?????,Oulad Msabbel,6210.0,0.0109234232249216,ouledmsabbel
?????,Azgour,6207.0,0.0109181351388034,azgour
??? ?? ???????,Dar Oum Soltane,6184.0,0.0108775931452302,daroumsoltane
??? ??????,Dar Jamaa,6184.0,0.0108775931452302,darjamaa
???? ??? ??????,Sidi Ali Bourakba,6162.0,0.0108388138470297,sidialibourakba
??????,Meskoura,6159.0,0.0108335257609115,meskoura
?????,Ktaoua,6157.0,0.010830000370166,ktaoua
????? ??????,Rbaa El Fouki,6156.0,0.0108282376747932,rbaaelfouki
????,Mikkes,6145.0,0.010808848025693,mikkes
???? ??? ??????,Sidi Abdelkhaleq,6141.0,0.010801797244202,sidiabdelkhaleq
???????,Mazguitam,6131.0,0.0107841702904745,mazguitam
?????,Azzaba,6128.0,0.0107788822043563,azzaba
??????? ???????,M'hamid El Ghizlane,6121.0,0.010766543336747,mhamidelghizlane
?????,Tinzart,6116.0,0.0107577298598833,tinzart
???????,Tafraout,6113.0,0.0107524417737651,tafraout
???? ??? ???????,Sidi Ali El Korati,6099.0,0.0107277640385466,sidialielkorati
?????? ????? ????,Foqra Oulad Aameur,6093.0,0.0107171878663101,foqraouledaameur
??????,Tancherfi,6092.0,0.0107154251709373,tancherfi
????,Anzi,6089.0,0.0107101370848191,anzi
????? ????,Oulad Aarrad,6065.0,0.0106678323958731,ouledaarrad
???? ??? ??????,Sidi Abdeljalil,6054.0,0.0106484427467729,sidiabdeljalil
??????,Houderrane,6047.0,0.0106361038791637,houderrane
??? ???????,Sebt Ennabour,6047.0,0.0106361038791637,sebtennabour
??? ?????,Akka-Ighane,6043.0,0.0106290530976727,akkaighane
??? ??????,Ida Ou Gailal,6036.0,0.0106167142300634,idaougailal
??? ????,Ait Said,6027.0,0.0106008499717087,aitsaid
??????,Amersid,6021.0,0.0105902737994722,amersid
??? ??????,Ras Tabouda,6018.0,0.010584985713354,rastabouda
????????,Tadighoust,6016.0,0.0105814603226085,tadighoust
?? ?????? ?? ??? ???????,Si Hsaien Ben Abderrahmane,6014.0,0.010577934931863,sihsaienbenabderrahmane
??? ????,Ait Baha,6007.0,0.0105655960642537,aitbaha
?????? ??????,El Maader El Kabir,6002.0,0.01055678258739,elmaaderelkabir
???????,Taifa,5994.0,0.010542681024408,taifa
??? ???? ???????,Bni Ounjel Tafraout,5990.0,0.010535630242917,bniounjeltafraout
??????,Tassousfi,5988.0,0.0105321048521715,tassousfi
????? ??????,Oulad Boussaken,5962.0,0.01048627477248,ouledboussaken
???????,El Gouzate,5942.0,0.0104510208650251,elgouzate
?????,Kechoula,5934.0,0.0104369193020431,kechoula
?????,Assaisse,5934.0,0.0104369193020431,assaisse
??????,Amghras,5919.0,0.0104104788714519,amghras
???????? ????????,Laattaouia Ech-Chaibia,5909.0,0.0103928519177244,laattaouiaechchaibia
????? ????,Oulad Amer,5871.0,0.0103258694935599,ouledamer
????? ??????,Oulad Mkoudou,5871.0,0.0103258694935599,ouledmkoudou
??? ?????,Ait Naamane,5857.0,0.0103011917583415,aitnaamane
???????,El Bibane,5853.0,0.0102941409768505,elbibane
?????,Tighirt,5837.0,0.0102659378508865,tighirt
???? ?????,Sidi Badhaj,5835.0,0.010262412460141,sidibadhaj
??? ?????,Ida Ou Moumen,5833.0,0.0102588870693955,idaoumoumen
???????,Ezzaouite,5818.0,0.0102324466388043,ezzaouite
??????,Tazouta,5802.0,0.0102042435128403,tazouta
?????,Fezouane,5777.0,0.0101601761285216,fezouane
???????,Traiba,5773.0,0.0101531253470306,traiba
?????,Loulad,5771.0,0.0101495999562851,loulad
???? ???? ??? ???? ?? ?????,Kasbat Sidi Abdellah Ben M'barek,5767.0,0.0101425491747941,kasbatsidiabdellahbenmbarek
????? ?????,Oulad Amghar,5755.0,0.0101213968303211,ouledamghar
???? ?????,Sidi Harazem,5738.0,0.0100914310089844,sidiharazem
????,Tisqi,5734.0,0.0100843802274934,tisqi
???? ?????,Sidi Boubker,5728.0,0.0100738040552569,sidiboubker
??????,Guenfouda,5709.0,0.0100403128431747,guenfouda
???? ??????,Oued Naam,5707.0,0.0100367874524292,ouednaam
???????,Ichamraren,5705.0,0.0100332620616837,ichamraren
????????,Tafingoult,5669.0,0.0099698050282648,tafingoult
??? ??????,Ait El Farsi,5653.0,0.0099416019023008,aitelfarsi
??????,Ijoukak,5633.0,0.0099063479948458,ijoukak
??? ????,Bir Mezoui,5617.0,0.0098781448688819,birmezoui
?????,Ajdir,5608.0,0.0098622806105271,ajdir
????? ????????,Moulay Bouzarqtoune,5608.0,0.0098622806105271,moulaybouzarqtoune
??????,Tisrasse,5608.0,0.0098622806105271,tisrasse
???? ????? ????,Sidi M'hamed Dalil,5605.0,0.0098569925244089,sidimhameddalil
????,Zarkt,5601.0,0.0098499417429179,zarkt
???????,Lakhsas,5599.0,0.0098464163521724,lakhsas
???????,Chougrane,5590.0,0.0098305520938176,chougrane
??????,Timlilt,5582.0,0.0098164505308357,timlilt
??? ?????,Bni Ammart,5580.0,0.0098129251400902,bniammart
???,Akka,5575.0,0.0098041116632264,akka
????????,Maadna,5570.0,0.0097952981863627,maadna
???? ???????,Sidi El Jazouli,5554.0,0.0097670950603987,sidieljazouli
??? ?????,Bni Zrantel,5533.0,0.009730078457571,bnizrantel
?????,Tighmi,5478.0,0.0096331302120698,tighmi
????? ??? ???????,Oulad Ali Toualaa,5475.0,0.0096278421259516,ouledalitoualaa
?????,M'ssici,5455.0,0.0095925882184966,mssici
??????,Tazroute,5448.0,0.0095802493508874,tazroute
???? ????,Tizi Ouasli,5434.0,0.0095555716156689,tiziouasli
?????,Ouizeght,5430.0,0.0095485208341779,ouizeght
??? ?????,Bni Bchir,5401.0,0.0094974026683682,bnibchir
????? ????? ???????,Oulad Bouali Nouaja,5393.0,0.0094833011053862,ouledboualinouaja
????,Aguerd,5370.0,0.009442759111813,aguerd
????????,Mouarid,5316.0,0.0093475735616846,mouarid
?????,Naour,5303.0,0.0093246585218389,naour
???????,Ijermaouas,5301.0,0.0093211331310934,ijermaouas
??????,Mestegmer,5291.0,0.0093035061773659,mestegmer
??????,Ouazguita,5269.0,0.0092647268791654,ouazguita
??? ????? ????,Bni Sidel Louta,5264.0,0.0092559134023017,bnisidellouta
???? ???????,Khmis Ksiba,5249.0,0.0092294729717105,khmisksiba
????? ???? ????,Zaouiat Sidi Hamza,5248.0,0.0092277102763377,zaouiatsidihamza
???????,El Hanchane,5239.0,0.009211846017983,elhanchane
????????,Talgjount,5234.0,0.0092030325411192,talgjount
???? ???? ??????,Sidi Ahmed Essayeh,5233.0,0.0092012698457465,sidiahmedessayeh
??? ????? ????? ??????,Ait Sedrate Jebel Soufla,5228.0,0.0091924563688827,aitsedratejebelsoufla
??????,Taouzint,5217.0,0.0091730667197825,taouzint
??? ?????,Thar Es-Souk,5216.0,0.0091713040244098,tharessouk
??? ?????,Ahl Tifnoute,5196.0,0.0091360501169548,ahltifnoute
?????? ???????,Meknassa Acharqia,5187.0,0.0091201858586001,meknassaacharqia
?????,Tizguine,5179.0,0.0091060842956181,tizguine
??? ??? ????,Ait Haddou Youssef,5174.0,0.0090972708187543,aithaddouyoussef
??? ??? ??????,Ait Ali Ou Lahcen,5139.0,0.0090355764807081,aitalioulahcen
?????,Anemzi,5134.0,0.0090267630038444,anemzi
??????? ???????,Khemisset Chaouia,5103.0,0.0089721194472892,khemissetchaouia
???? ?????,Ida Ou Guelloul,5086.0,0.0089421536259525,idaouguelloul
????? ??????,Toudgha El Oulia,5084.0,0.008938628235207,toudghaeloulia
????????,M'khalif,5062.0,0.0088998489370065,mkhalif
???? ??? ??????,Jemaat Moul Blad,5051.0,0.0088804592879063,jemaatmoulblad
??????,Toughmart,5035.0,0.0088522561619423,toughmart
???????,Irohalen,5031.0,0.0088452053804513,irohalen
?????? ???????,Sahel Chamali,5028.0,0.0088399172943331,sahelchamali
??? ???,Bni Leit,5004.0,0.0087976126053871,bnileit
?????,Tafedna,4999.0,0.0087887991285234,tafedna
??????,Tamanarte,4996.0,0.0087835110424051,tamanarte
??????,Bounrar,4995.0,0.0087817483470324,bounrar
??? ????? ????? ??????,Ait Sedrate Jbel El Oulia,4978.0,0.0087517825256956,aitsedratejbeleloulia
????????,Imilmaiss,4967.0,0.0087323928765954,imilmaiss
??? ??????,Ait Ouadrim,4951.0,0.0087041897506314,aitouadrim
??? ??????,Bni Marghnine,4950.0,0.0087024270552587,bnimarghnine
?????? ??????,Timzguida-Ouftas,4946.0,0.0086953762737677,timzguidaouftas
????????,M'fassis,4937.0,0.008679512015413,mfassis
???????,Lahsinate,4932.0,0.0086706985385492,lahsinate
??? ?????,Ouad L'bour,4906.0,0.0086248684588578,ouadlbour
?????,El Mers,4887.0,0.0085913772467755,elmers
???? ??????,Sidi M'bark,4886.0,0.0085896145514028,sidimbark
???? ?????,Sidi Kaouki,4877.0,0.0085737502930481,sidikaouki
?????,Iferni,4873.0,0.0085666995115571,iferni
???? ???? ?????,Sidi Yahia Ou Youssef,4873.0,0.0085666995115571,sidiyahiaouyoussef
???????,En-Nzala,4873.0,0.0085666995115571,ennzala
???????,Timoulay,4873.0,0.0085666995115571,timoulay
??? ??? ????,Bni Abdellah,4866.0,0.0085543606439478,bniabdellah
?? ?????,Fam El Hisn,4865.0,0.0085525979485751,famelhisn
?????,Rahhala,4859.0,0.0085420217763386,rahhala
??????,Taghazout,4854.0,0.0085332082994748,taghazout
????????,Errafiaya,4832.0,0.0084944290012744,errafiaya
??????,Imgrade,4815.0,0.0084644631799377,imgrade
?????,Akarma,4795.0,0.0084292092724827,akarma
????????,Oukaimden,4790.0,0.0084203957956189,oukaimden
??????,Imgdal,4782.0,0.008406294232637,imgdal
???? ?????,Sidi Mansour,4766.0,0.008378091106673,sidimansour
???? ?????? ?? ???,Sidi H'saine Ou Ali,4762.0,0.008371040325182,sidihsaineouali
???? ???? ?????,Aarab Sebbah Gheris,4758.0,0.008363989543691,aarabsebbahgheris
??? ??????,Ait Boudaoud,4757.0,0.0083622268483183,aitboudaoud
??????,Charqaoua,4727.0,0.0083093459871358,charqaoua
???? ???? ???????,Sidi Hmad Ou M'barek,4726.0,0.0083075832917631,sidihmadoumbarek
??? ?????,Bni Hadifa,4718.0,0.0082934817287811,bnihadifa
??????,Amellagou,4706.0,0.0082723293843081,amellagou
??? ????,Ait Mait,4695.0,0.0082529397352079,aitmait
?????,Zag,4692.0,0.0082476516490896,zag
????? ??? ?????,Oulad Ali Mansour,4683.0,0.0082317873907349,ouledalimansour
??? ???,Ait Youl,4680.0,0.0082264993046166,aityoul
??? ?????,Ait Siberne,4676.0,0.0082194485231256,aitsiberne
??????? ??????,Imouzzer Marmoucha,4674.0,0.0082159231323801,imouzzermarmoucha
????,Ighil,4666.0,0.0082018215693981,ighil
???????,Taftechna,4661.0,0.0081930080925344,taftechna
??? ???,Bni Idder,4659.0,0.0081894827017889,bniidder
????? ?????,Ouled Ghziyel,4656.0,0.0081841946156707,ouledghziyel
??? ????,Bni Smir,4655.0,0.0081824319202979,bnismir
????????,Tizgzaouine,4653.0,0.0081789065295524,tizgzaouine
????? ????,Oulad Aissa,4652.0,0.0081771438341797,ouledaissa
??? ???????,Ain Tazitounte,4645.0,0.0081648049665704,aintazitounte
??????,Talmest,4638.0,0.0081524660989612,talmest
????? ?????,Aquouass Briech,4627.0,0.008133076449861,aquouassbriech
???? ?? ??? ????,Sidi Bouabdelli,4607.0,0.008097822542406,sidibouabdelli
??? ???????,Bin El Ouidane,4605.0,0.0080942971516605,binelouidane
?????? ??????,Arbaa Rasmouka,4598.0,0.0080819582840513,arbaarasmouka
??????,Belyounech,4593.0,0.0080731448071875,belyounech
????? ????? ?????,My Driss Aghbal,4583.0,0.00805551785346,mydrissaghbal
????? ?????,Moulay Yacoub,4545.0,0.0079885354292956,moulayyacoub
???? ????-??????,Sidi Moussa Lemhaya,4540.0,0.0079797219524319,sidimoussalemhaya
????? ???? ??????,Oulad Aamer Tizmarine,4533.0,0.0079673830848226,ouledaamertizmarine
??? ?????? ???????,Ait Bouyahia El Hajjama,4491.0,0.0078933498791672,aitbouyahiaelhajjama
??? ?????,Ait Erkha,4484.0,0.0078810110115579,aiterkha
??? ??????,Dar Chaoui,4469.0,0.0078545705809667,darchaoui
????,Debdou,4444.0,0.007810503196648,debdou
?????,Assais,4437.0,0.0077981643290388,assais
????,Louta,4408.0,0.0077470461632291,louta
?????,Aknoul,4408.0,0.0077470461632291,aknoul
????,Fezna,4399.0,0.0077311819048743,fezna
???? ???????,Tidsi-Nissendalene,4395.0,0.0077241311233833,tidsinissendalene
??? ??????,Ait Belkacem,4394.0,0.0077223684280106,aitbelkacem
??? ?????,Ain Sfa,4386.0,0.0077082668650286,ainsfa
??????,Meskala,4378.0,0.0076941653020466,meskala
???,Guir,4363.0,0.0076677248714554,guir
?????,Amouguer,4362.0,0.0076659621760826,amouguer
???? ?????,Mechraa Hammadi,4328.0,0.0076060305334092,mechraahammadi
??????,Boukhrisse,4323.0,0.0075972170565455,boukhrisse
?? ???,Oumazza,4322.0,0.0075954543611727,oumazza
??????,Bleida,4309.0,0.007572539321327,bleida
???? ????? ???????,Sidi M'hamed Ou Marzouq,4306.0,0.0075672512352087,sidimhamedoumarzouq
?????,Tiouli,4302.0,0.0075602004537177,tiouli
?????,Tagmout,4297.0,0.007551386976854,tagmout
?????,Imider,4294.0,0.0075460988907358,imider
??? ????,Ait Yahya,4293.0,0.007544336195363,aityahya
???????,Mestferki,4266.0,0.0074967434202988,mestferki
??? ?????,Bir Ennasr,4256.0,0.0074791164665713,birennasr
??????,Tamaloukte,4240.0,0.0074509133406073,tamaloukte
?????,Azrar,4240.0,0.0074509133406073,azrar
??? ???????,Ida Ou Gougmar,4225.0,0.0074244729100161,idaougougmar
??? ????,Bab Boudir,4209.0,0.0073962697840521,babboudir
??? ????,Bni Bataou,4191.0,0.0073645412673427,bnibataou
????? ?????,Oulad Massaoud,4188.0,0.0073592531812244,ouledmassaoud
???????,Bigoudine,4174.0,0.0073345754460059,bigoudine
???????? ????? ????,Rdadna Oulad Malek,4170.0,0.007327524664515,rdadnaouledmalek
????,Tlite,4166.0,0.007320473883024,tlite
???? ??????,Sidi Boumehdi,4150.0,0.00729227075706,sidiboumehdi
????? ???? ??? ??????,Zaouiat Sidi Abdelkader,4150.0,0.00729227075706,zaouiatsidiabdelkader
??? ?????,Ait Makhlouf,4135.0,0.0072658303264688,aitmakhlouf
??? ?????,Jbel Lahbib,4126.0,0.007249966068114,jbellahbib
?????,Irherm,4121.0,0.0072411525912503,irherm
??????,Taghzout,4116.0,0.0072323391143865,taghzout
?????,Amejjaou,4083.0,0.0071741701670858,amejjaou
???????,Imouzzer,4083.0,0.0071741701670858,imouzzer
????????,Er-Rissani,4076.0,0.0071618312994766,errissani
???????,Laaouinate,4071.0,0.0071530178226129,laaouinate
????,Ouijjane,4071.0,0.0071530178226129,ouijjane
???? ??????,Sidi Bouhria,4069.0,0.0071494924318674,sidibouhria
??????,Argana,4065.0,0.0071424416503764,argana
????????,Mtarnagha,4056.0,0.0071265773920216,mtarnagha
???? ????,Sidi Ghaneme,4050.0,0.0071160012197851,sidighaneme
???? ???? ?? ??? ????,Sidi Ahmed Ou Abdallah,4038.0,0.0070948488753122,sidiahmedouabdallah
??????,Tassegdelt,4030.0,0.0070807473123302,tassegdelt
?????,Azlaf,4002.0,0.0070313918418932,azlaf
??? ????,Ain Blal,3992.0,0.0070137648881657,ainblal
?????,Anougal,3988.0,0.0070067141066747,anougal
?????,Tagante,3981.0,0.0069943752390655,tagante
?????,Anergui,3975.0,0.006983799066829,anergui
????? ??????,Oulad M'rabet,3951.0,0.0069414943778831,ouledmrabet
?????????,Azaghar N'irs,3947.0,0.0069344435963921,azagharnirs
??????,Bouzemmour,3940.0,0.0069221047287828,bouzemmour
??? ????,Ain Kaicher,3900.0,0.0068515969138729,ainkaicher
??????,Talilit,3881.0,0.0068181057017907,talilit
??????,Tabaroucht,3877.0,0.0068110549202997,tabaroucht
?????,Tigouga,3867.0,0.0067934279665722,tigouga
?????? ??? ????,Arbaa Ait Ahmed,3849.0,0.0067616994498627,arbaaaitahmed
??????,Tangarfa,3840.0,0.006745835191508,tangarfa
?????,Agoudim,3822.0,0.0067141066747985,agoudim
??? ????,Ait Malek,3809.0,0.0066911916349528,aitmalek
????,Anfeg,3803.0,0.0066806154627163,anfeg
?????? ???????,Arbaa Taourirt,3798.0,0.0066718019858526,arbaataourirt
????? ???? ????,Tiffert N'ait Hamza,3784.0,0.0066471242506341,tiffertnaithamza
?????,Rislane,3783.0,0.0066453615552613,rislane
????,Tidzi,3770.0,0.0066224465154156,tidzi
?????,Tataoute,3763.0,0.0066101076478064,tataoute
??? ????,Sour El Aaz,3755.0,0.0065960060848244,sourelaaz
??? ?? ?????,Ait Ben Yacoub,3743.0,0.0065748537403514,aitbenyacoub
????? ?????,Oulad Boubker,3701.0,0.006500820534696,ouledboubker
??????,Rghioua,3666.0,0.0064391261966498,rghioua
??? ?????,Ait Daoud,3629.0,0.0063739064678581,aitdaoud
???? ???????,Sidi Boulenouar,3600.0,0.0063227883020484,sidiboulenouar
???????,Tigzmerte,3600.0,0.0063227883020484,tigzmerte
?????,Assads,3592.0,0.0063086867390664,assads
???? ?????,Tizi N'test,3588.0,0.0063016359575754,tizintest
????????,Mzilate,3573.0,0.0062751955269842,mzilate
??????,Serghina,3567.0,0.0062646193547477,serghina
??? ???? ????,Ahl Sidi Lahcen,3566.0,0.0062628566593749,ahlsidilahcen
????????,Tamchachate,3562.0,0.0062558058778839,tamchachate
???? ???? ??????,Sidi H'mad Ou Hamed,3548.0,0.0062311281426655,sidihmadouhamed
??? ???????,Dar El Hamra,3540.0,0.0062170265796835,darelhamra
???? ??? ???? ?? ?????,Sidi Abdellah Ou Belaid,3524.0,0.0061888234537195,sidiabdellahoubelaid
???????,Tizoughrane,3511.0,0.0061659084138738,tizoughrane
????,Fask,3511.0,0.0061659084138738,fask
???? ?????,Ida Ou Kazzou,3507.0,0.0061588576323828,idaoukazzou
????????,Touarga,3468.0,0.0060901125128456,touarga
??????,Tazaghine,3454.0,0.0060654347776271,tazaghine
?????,Aghbar,3447.0,0.0060530959100179,aghbar
?????? ???????,Meknassa Al Gharbia,3422.0,0.0060090285256992,meknassaelgharbia
??? ?????,Bir Gandouz,3422.0,0.0060090285256992,birgandouz
???????,Lamnizla,3420.0,0.0060055031349537,lamnizla
??? ?? ????,Ait Ouqabli,3405.0,0.0059790627043624,aitouqabli
??? ????,Ait Ammar,3392.0,0.0059561476645167,aitammar
???? ???????,Al Machouar-Stinia,3373.0,0.0059226564524345,elmachouarstinia
?????,Kouzemt,3371.0,0.005919131061689,kouzemt
????? ?????,Aouint Yghomane,3367.0,0.005912080280198,aouintyghomane
????,Tizaghte,3356.0,0.0058926906310978,tizaghte
???????,Rouached,3353.0,0.0058874025449795,rouached
??????,Imlili,3345.0,0.0058733009819975,imlili
?????????,Talmakante,3336.0,0.0058574367236428,talmakante
?????,Aqsri,3333.0,0.0058521486375246,aqsri
???????,Tifarouine,3318.0,0.0058257082069333,tifarouine
???? ??????,Targua-Ntouchka,3308.0,0.0058080812532059,targuantouchka
?????,Chakrane,3290.0,0.0057763527364964,chakrane
???? ???? ??????,Sidi Ahmed Ou Moussa,3282.0,0.0057622511735144,sidiahmedoumoussa
????? ??? ????,Oulad Ali Youssef,3279.0,0.0057569630873961,ouledaliyoussef
??? ????,Ain Orma,3275.0,0.0057499123059052,ainorma
?????,El Borj,3266.0,0.0057340480475504,elborj
??? ??????,Ait Ouikhalfen,3261.0,0.0057252345706867,aitouikhalfen
??? ?????,Ait Ouafqa,3253.0,0.0057111330077047,aitouafqa
????,Ibdar,3249.0,0.0057040822262137,ibdar
?????,Asrir,3217.0,0.0056476759742858,asrir
????? ????,Tnine Amellou,3212.0,0.005638862497422,tnineamellou
??????,Takoucht,3209.0,0.0056335744113038,takoucht
??? ????,Ait Mzal,3165.0,0.0055560158149028,aitmzal
????? ????? ???????,Oulad Daoud Zkhanine,3145.0,0.0055207619074479,ouleddaoudzkhanine
?? ???????,Oum El Guerdane,3143.0,0.0055172365167024,oumelguerdane
???????,Lagouira,3127.0,0.0054890333907384,lagouira
??????,Tachraft,3082.0,0.0054097120989647,tachraft
??????,Touissit,3065.0,0.005379746277628,touissit
???????,Mibladen,3052.0,0.0053568312377823,mibladen
????,Adar,3038.0,0.0053321535025638,adar
????,Tiout,3017.0,0.0052951368997361,tiout
???? ??? ???? ?? ????,Sidi Abdellah Ou Said,3003.0,0.0052704591645176,sidiabdellahousaid
?????,Issafen,2994.0,0.0052545949061629,issafen
???????,El Foqra,2965.0,0.0052034767403532,elfoqra
??????,Abaynou,2932.0,0.0051453077930525,abaynou
???????,Tahelouante,2910.0,0.005106528494852,tahelouante
??????,Tadrart,2887.0,0.0050659865012788,tadrart
?????,Mrija,2881.0,0.0050554103290423,mrija
???????,Bouqachmir,2877.0,0.0050483595475513,bouqachmir
?????,Aouguenz,2866.0,0.0050289698984511,aouguenz
??????,Akhfennir,2841.0,0.0049849025141324,akhfennir
???? ????,Tizi N'ghachou,2836.0,0.0049760890372686,tizinghachou
??????,Tanourdi,2834.0,0.0049725636465231,tanourdi
????,Aday,2825.0,0.0049566993881684,aday
??? ????,Ait Mazigh,2765.0,0.0048509376658035,aitmazigh
???? ??????,Sidi Bouzineb,2756.0,0.0048350734074487,sidibouzineb
????,Ammelne,2736.0,0.0047998194999938,ammelne
?????,Idmine,2715.0,0.0047628028971661,idmine
??????,Talzemt,2701.0,0.0047381251619476,talzemt
??????,Boutrouch,2693.0,0.0047240235989656,boutrouch
???????,Al Manzla,2680.0,0.0047011085591199,elmanzla
?????? ??? ??? ????,Arbaa Ait Abdellah,2671.0,0.0046852443007651,arbaaaitabdellah
??? ?????,Ait Saadelli,2629.0,0.0046112110951097,aitsaadelli
??????,Sbouya,2606.0,0.0045706691015365,sbouya
?????,Gafait,2602.0,0.0045636183200455,gafait
??? ???? ?????,Ait Aissa Ihahane,2563.0,0.0044948732005083,aitaissaihahane
?????? ?????,Laqsabi Tagoust,2554.0,0.0044790089421536,laqsabitagoust
????? ?????,Oulad Ftata,2552.0,0.0044754835514081,ouledftata
??????,Lebkhata,2541.0,0.0044560939023078,lebkhata
??? ?????,Ibn Yacoub,2530.0,0.0044367042532076,ibnyacoub
????? ????,Aouint Lahna,2526.0,0.0044296534717166,aouintlahna
????? ???? ?????,Oulad Fares El Halla,2521.0,0.0044208399948529,ouledfareselhalla
???? ????,Sidi Hcine,2510.0,0.0044014503457526,sidihcine
????,Mesti,2502.0,0.0043873487827707,mesti
????? ?????,Oulad Gouaouch,2474.0,0.0043379933123337,ouledgouaouch
???? ????,Afella Ighir,2412.0,0.0042287061992233,afellaighir
??? ????,Ait Bazza,2397.0,0.0042022657686321,aitbazza
??????,Aguinane,2396.0,0.0042005030732593,aguinane
??? ???????,Ain Erreggada,2391.0,0.0041916895963956,ainerreggada
????????,Tafoughalt,2362.0,0.0041405714305859,tafoughalt
???? ?????,Sidi Boubker,2351.0,0.0041211817814857,sidiboubker
???????,Jbarna,2328.0,0.0040806397879124,jbarna
??? ????,Ait Issafen,2322.0,0.004070063615676,aitissafen
????? ?????,Ouled M'hamed,2316.0,0.0040594874434395,ouledmhamed
????? ??????,Almis Marmoucha,2292.0,0.0040171827544935,almismarmoucha
??????????,Al Barkanyene,2278.0,0.003992505019275,elbarkanyene
????,Amalou,2188.0,0.0038338624357277,amalou
???? ????,Sidi Boaal,2180.0,0.0038197608727457,sidiboaal
??? ?????,Ait Ouabelli,2134.0,0.0037386768855993,aitouabelli
??????,Al Kharroub,2099.0,0.0036769825475531,elkharroub
?????,Aziar,2053.0,0.0035958985604066,aziar
???????,Tazarine,2030.0,0.0035553565668334,tazarine
????,Afsou,2020.0,0.0035377296131059,afsou
??? ??????,Ida-Ougnidif,2020.0,0.0035377296131059,idaougnidif
??????,Tizounine,2008.0,0.003516577268633,tizounine
?????? ???????,Tafraout El Mouloud,1972.0,0.003453120235214,tafraoutelmouloud
??????,Imaouen,1969.0,0.0034478321490958,imaouen
???? ???,Sidi Ali,1966.0,0.0034425440629775,sidiali
??? ?????,Imi-N'fast,1952.0,0.0034178663277591,iminfast
?????,Tanalt,1946.0,0.0034072901555226,tanalt
???????,Tarsouat,1939.0,0.0033949512879133,tarsouat
?????,Hilala,1858.0,0.0032521729627207,hilala
?????,Tindine,1853.0,0.003243359485857,tindine
?? ?????,Foum El Oued,1844.0,0.0032274952275022,foumeloued
??? ????,Abbou Lakhal,1789.0,0.0031305469820011,abboulakhal
??? ??????,Bir Anzarane,1733.0,0.0030318360411272,biranzarane
??? ?????,Ait El Mane,1694.0,0.00296309092159,aitelmane
????? ????,Tnine Aday,1685.0,0.0029472266632352,tnineaday
???????,Bouyablane,1667.0,0.0029154981465258,bouyablane
?????,Adaghas,1656.0,0.0028961084974255,adaghas
???? ????,Sidi Amar,1625.0,0.0028414649408703,sidiamar
??? ??? ????,Ait Abdallah,1594.0,0.0027868213843151,aitabdallah
??? ??????,Ain Chair,1499.0,0.002619365323904,ainchair
?????,Msied,1499.0,0.002619365323904,msied
?????,Isseksi,1464.0,0.0025576709858578,isseksi
????????,Toumliline,1463.0,0.0025559082904851,toumliline
??? ?????,Ait Ouaarda,1459.0,0.0025488575089941,aitouaarda
??? ????,Ait Ichou,1454.0,0.0025400440321304,aitichou
??????,Nihit,1442.0,0.0025188916876574,nihit
???????,Oualqadi,1433.0,0.0025030274293026,oualqadi
??????,Tisfane,1414.0,0.0024695362172204,tisfane
???????,Tafajight,1397.0,0.0024395703958837,tafajight
???? ????,Sidi Mzal,1367.0,0.0023866895347013,sidimzal
??????,Bsara,1335.0,0.0023302832827733,bsara
???? ??????,Irigh N'tahala,1329.0,0.0023197071105368,irighntahala
??? ?????,Ras Asfour,1275.0,0.0022245215604084,rasasfour
????? ???? ??? ??????,Ouled Sidi Abdelhakem,1274.0,0.0022227588650357,ouledsidiabdelhakem
????,Adrej,1214.0,0.0021169971426708,adrej
?????,Amtdi,1137.0,0.0019812695989691,amtdi
????? ??????,Oulad Bourima,1117.0,0.0019460156915142,ouledbourima
???????,Tassrirt,1083.0,0.0018860840488407,tassrirt
???? ??????,Tizi Ntakoucht,1082.0,0.001884321353468,tizintakoucht
???????,Toufelaazt,1061.0,0.0018473047506402,toufelaazt
???????,Labouirat,1056.0,0.0018384912737765,labouirat
??????,Boukraa,1022.0,0.0017785596311031,boukraa
???????,Naima,1018.0,0.0017715088496121,naima
???????,Aghouinite,1006.0,0.0017503565051391,aghouinite
??????,Touizgui,983.0,0.0017098145115659,touizgui
??? ??????,Imi N'tayart,973.0,0.0016921875578384,imintayart
?????,Aferkat,958.0,0.0016657471272472,aferkat
??? ?????,Ait Boufoulen,941.0,0.0016357813059104,aitboufoulen
??????,El Atef,929.0,0.0016146289614375,elatef
?????? ??????,Echatea El Abied,922.0,0.0016022900938282,echateaelabied
??????,Daoura,902.0,0.0015670361863733,daoura
???????,Dcheira,901.0,0.0015652734910005,dcheira
?????,Tah,894.0,0.0015529346233913,tah
????? ????,Taliouine Assaka,865.0,0.0015018164575816,taliouineassaka
??????,Jraifia,835.0,0.0014489355963991,jraifia
??? ?????,Rass Oumlil,815.0,0.0014136816889441,rassoumlil
?????,Tabia,814.0,0.0014119189935714,tabia
?????,Tiglit,798.0,0.0013837158676074,tiglit
??????,Tilemzoun,745.0,0.0012902930128518,tilemzoun
??? ???????,Ain Chouater,705.0,0.0012197851979418,ainchouater
?????,Abteh,647.0,0.0011175488663224,abteh
?????,Mijik,646.0,0.0011157861709497,mijik
???? ????,Targa Wassay,635.0,0.0010963965218494,targawassay
?????,Zoug,592.0,0.0010206006208213,zoug
??????,Al Mahbass,582.0,0.0010029736670938,elmahbass
????????,El Hagounia,561.0,0.0009659570642661,elhagounia
?????,Labyar,432.0,0.0007385693611815,labyar
?? ????,Ben Khlil,375.0,0.0006380957249349,benkhlil
???? ???? ??????,Sidi Ahmed Laaroussi,329.0,0.0005570117377884,sidiahmedlaaroussi
????????,Jdiriya,318.0,0.0005376220886882,jdiriya
?????,Lamssid,305.0,0.0005147070488425,lamssid
??????,Amgala,282.0,0.0004741650552693,amgala
?????,Aousserd,273.0,0.0004583007969145,aousserd
????,Haouza,258.0,0.0004318603663233,haouza
???????,Chbika,182.0,0.0002978955179944,chbika
????,Tichla,139.0,0.0002220996169662,tichla
???? ????,Gueltat Zemmour,89.0,0.0001339648483288,gueltatzemmour
???????,Tifariti,83.0,0.0001233886760923,tifariti
??????? ??????,Gleibat El Foula,34.0,3.701660282771592e-05,gleibatelfoula
?? ?????,Oum Dreyga,13.0,0.0,oumdreyga
????,Sebta,,,sebta
??????,Melilia,,,melilia
