Libelle Arabe	commune	taux_vieillissement
??? ??????	Imi N'tayart	39.7
?????	Tabia	38.1
????	Ammelne	37.7
???????	Tassrirt	37
?????	Tanalt	36.4
?????	Aouguenz	35.9
?????? ???????	Tafraout El Mouloud	35.1
???? ??????	Tizi Ntakoucht	34.9
??? ??? ????	Ait Abdallah	34.4
???? ??????	Irigh N'tahala	34.3
??? ????	Ait Issafen	34.2
?????	Tindine	33.6
????? ????	Tnine Aday	32.5
???????	Tarsouat	32.3
???????	Tizoughrane	32
???? ??????	Targua-Ntouchka	31.5
???? ????	Sidi Mzal	31.5
??? ???????	Ida Ou Gougmar	31.4
???????	Oualqadi	31.1
???? ????	Sidi Boaal	31.1
??? ?????	Ait Ouafqa	31
??? ??????	Ida-Ougnidif	30.9
????	Adar	30.2
??????	Tisfane	30.1
????????	Toumliline	30
?????? ??? ????	Arbaa Ait Ahmed	29.5
?????	Hilala	29.2
?????? ??????	Arbaa Rasmouka	29.1
???????	Dcheira	29
????	Anfeg	28.9
???????	Souissi	28.8
???????	Toufelaazt	28.5
??????	Nihit	28.2
??????	Imaouen	28
??????	Tassegdelt	27.9
???? ????	Afella Ighir	27.9
??????	Toughmart	27.8
??????	Tadrart	27.6
????????	Touarga	27
??? ???? ?????	Ait Aissa Ihahane	27
????	Ouijjane	26.8
?????	Issafen	26.8
????	Amalou	26.7
??????? ??????	Gleibat El Foula	26.5
????	Tizaghte	26.5
????	Hassan	26.3
?????	Ahfir	26.3
?????????	Azaghar N'irs	26.1
?????	Aziar	26
????? ??????	Agdal Riyad	25.9
??????	Daoura	25.5
??? ????	Ait Mzal	25.4
????	Ibdar	25.4
????	Anzi	25.3
???? ???????	Al Machouar-Stinia	25.1
??? ??????	Bni Marghnine	25
?????	Assads	25
???? ???? ??????	Sidi Ahmed Laaroussi	24.9
????	Adrej	24.9
?????	Amtdi	24.9
????	Anfa	24.8
??????	Tamanarte	24.7
??? ???????	Ain Erreggada	24.6
?????? ??????	Echatea El Abied	24.5
??????	Boutrouch	24.5
????– ??????	Méchouar-Kasba	24.5
??? ??????	Ait Ouadrim	24.4
???? ????	Targa Wassay	24.4
??????	Takoucht	24.3
???? ??? ???? ?????????	Sidi Abdallah El Bouchouari	24.3
???????	Tifariti	24.1
???????	Imouzzer	24
???? ???????	Tidsi-Nissendalene	24
?????? ??????	Arbaa Sahel	23.9
??????	Sbouya	23.9
??????	Talilit	23.8
?????	Tighmi	23.8
????????	Maârif	23.7
?????	Agdal	23.7
???? ?????	Sidi Belyout	23.5
??? ???????	Mers-Sultan	23.4
???? ???? ??????	Sidi Ahmed Ou Moussa	23.3
?????? ??????	El Maader El Kabir	23.1
??????	Aguinane	23.1
????? ????? ???????	Oulad Daoud Zkhanine	23
????	Figuig	23
?????	Idmine	23
????? ????	Tnine Aglou	22.9
??????	Houderrane	22.8
?????	Tataoute	22.8
??? ?????	Ouad L'bour	22.7
?????	Aqsri	22.7
?????	Adaghas	22.6
???? ???? ??????	Sidi H'mad Ou Hamed	22.5
??? ??????	Ras Tabouda	22.4
???? ???? ??????	Sidi Allal Lamsadder	22.3
??????	Al-Fida	22.2
????? ???????	Marrakech-Médina	22.2
??????	Tazaghine	22.1
???? ?? ??? ????	Sidi Bouabdelli	22.1
???? ?????? ?? ???	Sidi H'saine Ou Ali	22.1
???????	Bounaamane	22
????????	Tizgzaouine	22
?????	Tagmout	21.9
???????	Boudinar	21.8
????????	Harhoura	21.7
??????	Irhzrane	21.6
??? ???????	Dar El Hamra	21.6
??????????	Al Barkanyene	21.6
???????	Tigzmerte	21.6
???? ???????	Hay-Mohammadi	21.5
???? ????	Sidi Amar	21.5
?????	Iferni	21.5
???	Tiqqi	21.5
?????? ??? ??? ????	Arbaa Ait Abdellah	21.5
???????	Lamnizla	21.4
?????	Tiddas	21.3
??? ????? ????	Bni Sidel Louta	21.3
????????	Mtarnagha	21.3
?????	Labyar	21.3
?????	Tighirt	21.3
??????	Bouzemmour	21.2
????? ????	Tnine Amellou	21.2
?????	Assaisse	21.2
???????	Bigoudine	21.1
??? ?????	Ait Ouabelli	21.1
??? ?????	Ibn Yacoub	21.1
?????? ???????	Asoukhour Assawda	21
????	Tidzi	21
???????	Tahelouante	21
??????	Rghioua	20.9
??? ????? ?????	Bni Sidel Jbel	20.9
???? ??????	Sidi Bouhria	20.9
???? ?????	Ida Ou Kazzou	20.9
??????	Tassousfi	20.9
??????	Tangarfa	20.8
??? ????	Ait Mait	20.7
???? ???????	Sidi El Jazouli	20.7
??? ????	Ait Milk	20.7
???? ??????	Sidi M'bark	20.7
????????	Maaziz	20.6
??????	Tafersit	20.6
??? ???? ????	Ahl Sidi Lahcen	20.6
????? ??????	Oulad Mkoudou	20.6
??? ?????	Rass Oumlil	20.6
????	Aday	20.6
??? ?????	Ait El Mane	20.5
??????	Imgrade	20.5
?????	Assais	20.5
????? ????	Taliouine Assaka	20.5
????? ???? ??????	Ifrane Atlas Saghir	20.5
????? ??????	Oulad Boussaken	20.4
??? ????	Hel Merbaa	20.4
??? ?? ??	Bir Tam-Tam	20.4
???? ?????	Sidi Boubker	20.4
???????? ????? ????	Rdadna Oulad Malek	20.3
????? ???????	Yacoub El Mansour	20.3
??? ????	Ain Kaicher	20.3
???? ??? ??????	Sidi Ali Bourakba	20.3
??? ????????	Dar El Kebdani	20.3
??????	Arekmane	20.3
??? ????	Ait Ikkou	20.2
??? ????	Ben-M'sick	20.1
??? ????	Ait Ammar	20
?????	Amejjaou	20
??????	Iksane	20
?????	El Borj	20
?????	Berkane	20
?????	El Faid	20
????????	Tadighoust	20
?????	Bettana	19.9
????????	Tafoughalt	19.9
?????? ??? ??????	Méchouar-Fès-El Jadid	19.8
?????-????	Skoura M'daz	19.8
???? ?????	Mechraa Hammadi	19.8
?????	Rislane	19.8
??????	El Menzel	19.7
?????	Aglif	19.7
????? ????? ?????	My Idriss Zerhoun	19.6
???? ??? ???????	Sidi Ali El Korati	19.6
???????	Imoulass	19.6
???? ???? ??????	Sidi Ahmed Cherif	19.5
??? ?????	Ras-El-Ma	19.5
??????	Touissit	19.5
????? ?????	Oulad Boubker	19.4
???? ????????	Sidi Boushab	19.4
??? ?????	Ida-Ougoummad	19.4
???????	Mzefroune	19.3
????	M'tal	19.3
???? ?????	Sidi Kaouki	19.3
???? ???? ???????	Sidi Hmad Ou M'barek	19.3
?????	Kouzemt	19.3
??? ???????	Sebt Ennabour	19.3
??? ??? ????	Bni Abdellah	19.2
???????	Reggada	19.2
???? ????	Gueltat Zemmour	19.1
??? ?????? ???????	Ait Bouyahia El Hajjama	19.1
??????	El Hammam	19.1
???????	Timoulay	19.1
?????	Metrane	19
??????? ???????	Khemisset Chaouia	19
??? ?????	Kaf El Ghar	19
?????	Aklim	19
???? ??? ???? ?? ????	Sidi Abdellah Ou Said	19
???	Bzou	18.9
?????	Azlaf	18.9
??? ???????	Fès-Médina	18.9
?????	El Mers	18.9
??????	Ouneine	18.9
???? ??????	Sidi Hsaine	18.9
????? ????? ?????	My Driss Aghbal	18.8
??? ????	Bni Smir	18.8
???????	Zeghanghane	18.8
??????	Talzemt	18.8
??? ?????	Imi-Mqourn	18.8
??? ?????	Ait Makhlouf	18.8
????????	Khémisset	18.7
???????	Taghzirt	18.7
??????	Rouadi	18.7
???? ????	Tizi Ouasli	18.7
???? ???? ??? ???? ?? ?????	Kasbat Sidi Abdellah Ben M'barek	18.7
????? ?????	Oulad Gouaouch	18.6
?????	Guettaya	18.6
??????	Matmata	18.6
??? ?????	Ait Boufoulen	18.6
??????	Taghjijt	18.6
????? ?????	Oulad Mtaa	18.6
????????	Mohammadia	18.5
?? ?????? ?? ??? ???????	Si Hsaien Ben Abderrahmane	18.5
???????	Boujniba	18.5
???????	El Ksiba	18.5
????????	Zrarda	18.5
????	Oujda	18.5
?????	Gafait	18.5
????	Aguerd	18.5
???? ??? ??????	Sidi Abdelmoumen	18.5
??????	Tioughza	18.5
?????	Lamssid	18.4
???? ???????	Sidi El Rhandour	18.4
????????	Timoulilt	18.4
????? ?????	Zaouiat Cheikh	18.4
??????	Temsamane	18.4
?????	Aghbal	18.4
??????	Mestegmer	18.4
??? ?????	Ras Asfour	18.4
???? ??? ??????	Sidi Abdeljalil	18.4
????	Takate	18.4
????	Fask	18.4
??? ????	Ain Orma	18.3
??? ??????	Bni Boufrah	18.3
???????	Taifa	18.3
????????	Chouihia	18.3
???????	Naima	18.3
???? ???? ??????	Sidi Ahmed Essayeh	18.3
??????	Bouabout	18.3
??????	Bounrar	18.3
????	Mesti	18.3
?????	Azrar	18.3
?????	Sbata	18.2
???? ??? ??????	Jemaat Moul Blad	18.2
??? ???	Bni Quolla	18.2
????? ?????	Moulay Bouchta	18.2
??????	M'hajer	18.2
????????	Tafraouten	18.2
???? ??? ???? ?? ?????	Sidi Abdellah Ou Belaid	18.2
????	Ghassate	18.2
?????	Aoufous	18.2
??????	Masmouda	18.1
????????	Sfassif	18.1
?????	Khalfia	18.1
??? ???????	Bin El Ouidane	18.1
??? ????	Bni Bataou	18.1
????	Madagh	18.1
??? ????	Ait Said	18.1
???? ?????	Imi-N'tlit	18.1
???????	Ichamraren	18.1
????	Tiout	18.1
?????	Tizguine	18.1
??????	Amghras	18.1
???????	Taouyalte	18.1
??????	Askaouen	18.1
??? ?????	Akka-Ighane	18.1
??????	Tsaft	18
??????	Timlilt	18
??? ?????	Ait Erkha	18
???????	Zagmouzen	18
????	Siroua	18
??????	Ouisselsate	18
??????	M'garto	17.9
???????	Rommani	17.9
??? ????	Bir Mezoui	17.9
???????	Chougrane	17.9
????????	Bhalil	17.9
???????	Smia	17.9
???????	Lahsinate	17.9
????????	Timezgadiouine	17.9
??????	Argana	17.9
??? ????	Bni Arouss	17.8
????? ????	Ouled Cebbah	17.8
???? ?????	Ribate El Kheir	17.8
??????	Taghazout	17.8
????? ??????	Toudgha El Oulia	17.8
??? ??????	Bab Lamrissa	17.7
???? ????	Sidi Kacem	17.7
????? ?????	Moulay Bouazza	17.7
??????	Tachraft	17.7
??? ?????	Bejaad	17.7
??? ?????	Ait Ishaq	17.7
???????	Iaazzanene	17.7
??? ?????	Ain Leuh	17.7
???????	Boughriba	17.7
???????	Laatamna	17.7
???? ????	Sidi Ghaneme	17.7
???????	Chbika	17.6
?? ?????	Ben Maachou	17.6
??????	Mzoura	17.6
??? ??? ???	Sebt Ait Rahou	17.6
????	Hattane	17.6
????	Semguet	17.6
???? ?????	Sidi Bousber	17.6
??????	Brarha	17.6
??? ?????	Bni Frassen	17.6
???????	Jbarna	17.6
??? ????	Bni Chiker	17.6
?????	Tahla	17.6
??? ??????	Ait Saghrouchen	17.6
?????	Asrir	17.6
?????? ????	Agadir Melloul	17.6
???????	Souani	17.5
????????	El Youssoufia	17.5
??? ??????	Ait Belkacem	17.5
??? ?????	Ait Siberne	17.5
?????	Isseksi	17.5
???????	Brikcha	17.5
?????	Kissane	17.5
???????	Ourtzarh	17.5
???????	Imrabten	17.5
????	Afsou	17.5
?????	Azzaba	17.5
???????	Tafajight	17.5
?????	Rahhala	17.5
?????	Aferkat	17.5
??????	Imgdal	17.5
??????	Tisrasse	17.5
???? ????????	Sidi Bernoussi	17.4
????? ?????	Ouled Yaich	17.4
???? ?????	Sidi Redouane	17.4
????? ??? ??????	Moulay Abdelkrim	17.4
???????	El Bibane	17.4
????	Galaz	17.4
???????	Tazarine	17.4
??? ????	Ait Bazza	17.4
??????	Bizdad	17.4
?????????	Talmakante	17.4
??????	Tizounine	17.4
???? ????	Sidi Ghanem	17.3
????????	Maadna	17.3
???????	Ouaouizeght	17.3
?????	Ajdir	17.3
?????	Irherm	17.3
??? ??????	Dar Jamaa	17.3
???? ?????	Sidi Badhaj	17.3
???? ???????	Oued El Makhazine	17.2
??? ????	Bni Hilal	17.2
?????	Tamda	17.2
???? ?????	Sidi Hammadi	17.2
?????	Senada	17.2
??????	Ouardana	17.2
?????	Oualili	17.2
?????	Meknès	17.2
??????	Boulemane	17.2
??? ????	Bab Boudir	17.2
????	Zaio	17.2
????????	Saidia	17.2
????	Massa	17.2
??????	Chaibate	17.1
????? ????	Oulad Said	17.1
???? ???? ????	Khemis Sidi Yahya	17.1
??? ????	Ait Ichou	17.1
??????	Boukhrisse	17.1
??? ?????	Bni Zrantel	17.1
????? ??? ?????	Fennassa Bab El Hit	17.1
??? ????	Bni Oulid	17.1
??? ??????	Ain Timguenai	17.1
??????	El Kbab	17.1
????? ??? ????	Oulad Ali Youssef	17.1
????	Debdou	17.1
????????	Mzilate	17.1
??????	Amgala	17
??? ?????	Aïn-Sebaâ	17
???????	Laamria	17
??? ??????	Ait Ouribel	17
??? ?????	Ait Mimoune	17
???????	Bouqachmir	17
??? ?? ?????	Ait Oum El Bekht	17
??? ???? ???????	Bni Ounjel Tafraout	17
???????	Al Hoceima	17
????	Sefrou	17
??????	Serghina	17
????	Taza	17
?????	Fezouane	17
????? ????????	Moulay Bouzarqtoune	17
??????	Tazemmourt	17
??????	Ijoukak	17
?????	Assaki	17
??????	Goulmima	17
?????? ?????	Moualine El Oued	16.9
????? ??????	Zaouiat Lakouacem	16.9
???? ????	Sidi Jaber	16.9
??? ????	Ait Mazigh	16.9
?????	Teroual	16.9
?????	Midar	16.9
??? ?? ?????	Ait Ben Yacoub	16.9
?????? ???????	Meknassa Al Gharbia	16.9
??? ????	Bni Khaled	16.9
???? ?????	Ida Ou Guelloul	16.9
?????? ??????	Bouabout Amdlane	16.9
???????	Amskroud	16.9
?????	Gueliz	16.9
????????	Youssoufia	16.8
??????	Lahouaza	16.8
???????	El Foqra	16.8
???????	Ijermaouas	16.8
?????	Tamedit	16.8
??????-???? ????	El Aioun Sidi Mellouk	16.8
?????	Jerada	16.8
???????	Targante	16.8
??????	Imsouane	16.8
??????	Tamaloukte	16.8
????	Arazane	16.8
??? ?????	Imi-N'fast	16.8
???? ????	Sidi Aissa	16.7
????	Mettouh	16.7
??? ??????	Bni Tsiriss	16.7
????? ??????	Oulad Sghir	16.7
?????	Marchouch	16.7
????????	M'fassis	16.7
?? ??????	Foum Jemaa	16.7
????	Tisqi	16.7
??????	Afourar	16.7
??????	Taghzout	16.7
??? ?????	Ain Maatouf	16.7
???????	Traiba	16.7
?????? ???????	Meknassa Acharqia	16.7
????? ??? ????	N'zalat Bni Amar	16.7
?????	Itzer	16.7
???????	Mestferki	16.7
??????	Ounagha	16.7
???? ????? ???????	Sidi M'hamed Ou Marzouq	16.7
????????	Tafingoult	16.7
????? ???? ???????	Zaouiat Sidi Ben Hamdoun	16.6
??????	Khouribga	16.6
??? ?????	Ait Ouaarda	16.6
???? ?????	Kasba Tadla	16.6
??????	Zghira	16.6
?????	Ajdir	16.6
??? ??????	Ain Zohra	16.6
?????? ?????	Aguelmam Azegza	16.6
??????	M'ramer	16.6
???????	Ezzaouite	16.6
?????	Iguidi	16.6
????? ?????	Ouled Zidane	16.5
????? ???? ??? ?? ????	Oulad Sidi Ali Ben Youssef	16.5
??????	Laaounate	16.5
?????	Gdana	16.5
??????	El Menzeh	16.5
???????	Boulanouare	16.5
????? ????	Ouled Zmam	16.5
?????	Tabia	16.5
??????	Bradia	16.5
???????	Rouached	16.5
???????	Moqrissat	16.5
??? ??????	Ain Mediouna	16.5
?????	Bouhlou	16.5
??????	Maghraoua	16.5
????????	Mouarid	16.5
???????	Touama	16.5
??? ???????	Ain Chouater	16.5
????	Safi	16.4
??? ????	Aïn-Chock	16.4
????	Rima	16.4
????????	Brachoua	16.4
????? ???? ?????	Ouled Said Loued	16.4
????	Ouezzane	16.4
????	Azrou	16.4
?????	Kerrouchen	16.4
???? ??????-???????	Sidi Slimane Echcharaa	16.4
??????	Guenfouda	16.4
?????	Tamaguert	16.4
????	Tatoft	16.3
??? ???	Bni Oual	16.3
??????	Khenifra	16.3
??? ?????	Oued Ifrane	16.3
??? ?????	Ain Sfa	16.3
????????	Korimate	16.3
?? ?????	Fam El Hisn	16.3
??? ?????	Ahl Tifnoute	16.3
?????	Telouet	16.3
??? ????? ???????	Ras El Ain Chaouia	16.2
??? ????	Ain Blal	16.2
?????	Lagfaf	16.2
???? ??	Oued Zem	16.2
???????	Tifarouine	16.2
?????	M'rirt	16.2
??????	Aquermoud	16.2
?????	Tigouga	16.2
????	Tlite	16.2
????	Lahdar	16.1
??? ??????	Ain Sbit	16.1
????? ?????	Oulad Ftata	16.1
????? ????	Oulad Azzouz	16.1
?????? ?? ????	Fquih Ben Salah	16.1
??? ?????	Bni Hadifa	16.1
??? ???? ????	Ait Youssef Ou Ali	16.1
????? ?????	Oulad Amghar	16.1
???????	El Gouzate	16.1
??? ??????	Bab Marzouka	16.1
??????	Atouabet	16.1
????????	M'khalif	16.1
???? ??????	Sidi Laaroussi	16.1
??? ?????	Ida Ou Moumen	16.1
??? ?????	Ahl Ramel	16.1
???? ???? ?? ???	Sidi Youssef Ben Ali	16.1
?????	Azgour	16.1
???? ?????	Tizi N'test	16.1
????	Adis	16.1
????? ?????	Aquouass Briech	16
?????	Ahlaf	16
???????	Tabriquet	16
????? ????	Oulad Fennane	16
??????	Tazroute	16
??????	Tazouta	16
????? ??????	Tidili Mesfioua	16
?? ???????	Oum El Guerdane	16
???????	Lgharbia	15.9
????? ?????	Saniat Berguig	15.9
????????	Ezzhiliga	15.9
????? ?????	Ouled M'hamed	15.9
??????	Taounza	15.9
?????	Ouannana	15.9
????	Oudka	15.9
????? ??????	Rbaa El Fouki	15.9
???????	Trougout	15.9
?????	Toulal	15.9
???????	Tigrigra	15.9
?? ??????	Oum Rabia	15.9
?????	Tiouli	15.9
?? ?????	Had Dra	15.9
???? ???? ????????	Sidi Aissa Regragui	15.9
???	Mejji	15.9
????????	Talgjount	15.9
???? ????	Sidi Ouassay	15.9
??? ??????	Ida Ou Gailal	15.9
???? ???? ?? ??? ????	Sidi Ahmed Ou Abdallah	15.9
?????	Gmassa	15.9
???? ??????	Talat N'yaaqoub	15.9
??? ????	Ait Zineb	15.9
?? ???????	Had Al Gharbia	15.8
???? ?????	Sidi Othmane	15.8
????? ?? ?????	Oulad Si Bouhya	15.8
???????	Ihaddadene	15.8
??? ???????	Bni Bouifrour	15.8
??? ??????	Ain Chair	15.8
??????	Meskala	15.8
????????	Taouloukoult	15.8
?????	Anougal	15.8
??????	Ouazguita	15.8
??? ????	Sour El Aaz	15.8
???????	Amerzgane	15.8
??????	Iznaguen	15.8
??????	Boukraa	15.7
?????	Assilah	15.7
?????	Ayacha	15.7
????	Asjen	15.7
???????	Boulaouane	15.7
???? ?????	Sidi Mansour	15.7
?????	Jahjouh	15.7
??? ????	Bni Ykhlef	15.7
??? ????	Ouaoumana	15.7
???????	Zrizer	15.7
???????	Laaouinate	15.7
??? ????	Bni Drar	15.7
???????	Lagdadra	15.7
???? ?????	Assif El Mal	15.7
???? ????	Sidi Ifni	15.7
??????	Touizgui	15.7
??????	Amizmiz	15.7
????? ?????	Ouled Salmane	15.6
?????	Azemmour	15.6
????????	Ziaida	15.6
??????	El Gara	15.6
????? ??? ???????	Oulad Ali Toualaa	15.6
??? ??????	Ait Ouikhalfen	15.6
??????	Rfala	15.6
??? ???????	Had Bouhssoussen	15.6
??? ????	Ait Kamra	15.6
??????? ????????	Gzenaya Al Janoubia	15.6
??????	Msila	15.6
???????	Nador	15.6
???????	Essaouira	15.6
?????	Nfifa	15.6
????	Ighil	15.6
????? ???????	Moulay Brahim	15.6
??????	Al Kharroub	15.5
??? ???????-???? ???????	Ain Johra-Sidi Boukhalkhal	15.5
??? ??????	Ain Jemaa	15.5
??????	Nekkour	15.5
????	Lehri	15.5
??????	Amellagou	15.5
??????	Lebkhata	15.5
????? ?? ??????	Zaouiat Ben Hmida	15.5
?????	Kechoula	15.5
?????	Tafedna	15.5
???? ?????	Machraa El Ain	15.5
??????	El Ghiate	15.4
????? ??????	Ksar El Kebir	15.4
????? ???? ????	Oulad Yahya Louta	15.4
??? ???????	Oued Naanaa	15.4
??? ?????	Bir Ennasr	15.4
???? ??????	Sidi Slimane	15.4
????? ????	Ouled Ayad	15.4
??? ?????	Thar Es-Souk	15.4
?????? ???????	Arbaa Taourirt	15.4
?? ?????	Ben Taieb	15.4
??????? ??????	Imouzzer Marmoucha	15.4
????????	Tighassaline	15.4
?????	Agoudim	15.4
??? ?????	Ain Lehjer	15.4
?????	Toubkal	15.4
?????	Khouzama	15.4
????? ??????	Toudgha Essoufla	15.4
???????	Laagagcha	15.3
???? ???????	Khmis Ksiba	15.3
???????	Chbanate	15.3
??? ????	Béni Mellal	15.3
??????	Bouadel	15.3
??? ?????	Ait Saadelli	15.3
??????	Tanourdi	15.3
????	Assoul	15.3
???? ???????	Sidi Boulaalam	15.3
????????	Saidate	15.3
??? ???????	Ain Tazitounte	15.3
?????	Aghbar	15.3
?????	Tagante	15.3
?????	Tazart	15.3
??????	Ouzioua	15.3
?????	Imlil	15.3
????? ??????	Gheris Es-Soufli	15.3
?????? ????? ????	Foqra Oulad Aameur	15.2
????? ????	Oulad M'rah	15.2
???????	Lakhzazra	15.2
????????	Kénitra	15.2
??? ????	Bni Oukil	15.2
???? ?????	Kasbat Troch	15.2
????? ??????	Almis Marmoucha	15.2
???? ???????	Sidi Boulenouar	15.2
???? ????	Afalla Issen	15.2
????????	Imilmaiss	15.2
???????	Jouala	15.2
???? ????	Sidi Rahal	15.2
???? ??????	Ighrem N'ougdal	15.2
?????	M'ssici	15.2
????	Chahda	15.1
??????	Bouguedra	15.1
?????? ???????	Sahel Chamali	15.1
???? ??? ??????	Sidi Abdelkrim	15.1
???? ??????	Sidi Boumehdi	15.1
????? ????? ???????	Oulad Bouali Nouaja	15.1
???????	Lagnadiz	15.1
??? ?????	Bni Chegdale	15.1
???? ???? ?? ???	Sidi Aissa Ben Ali	15.1
????? ????	Ouled Gnaou	15.1
??????	Izemmouren	15.1
???????	Mazguitam	15.1
???? ?????	Hassi-Berkane	15.1
?????? ??????	Aghbalou Aqorar	15.1
?????	Amouguer	15.1
??????	Bsara	15.1
??? ?????	Ahl Oued Za	15.1
??????	Idelsane	15.1
????	Afra	15.1
??? ?????? ????	Souk Lakhmis Dades	15.1
???	Akka	15.1
?????	Ktaoua	15.1
??????	Labkhati	15
??????	Lamsabih	15
??????	Zaaroura	15
??? ????	Ait Malek	15
???????	Laghoualem	15
??????	Zirara	15
????? ??????	Oulad Boughadi	15
??????	Krifate	15
????? ???????	Ouled Bourahmoune	15
????? ???? ?? ?????	Moulay Aissa Ben Driss	15
????? ??????	Ouled M'barek	15
???? ????	Sidi Hcine	15
???????	Tafrant	15
??? ?????	Ras El Oued	15
??????	Talmest	15
???????	Tafraout	15
???? ??????	Sidi Ouaaziz	15
????? ??????	Ferkla Es-Soufla	15
??? ??????	Ait Boudaoud	15
???????	Lamaachate	14.9
????? ?????	Oulad Sbaita	14.9
?????	Lmechrek	14.9
????? ?????	Oulad Massaoud	14.9
?????	Témara	14.9
??? ????-??? ??????	Ain Karma-Oued Rommane	14.9
??????	Oulmes	14.9
????? ????	Oulad Aissa	14.9
??? ???	Bni Lent	14.9
???????	Mtalssa	14.9
??? ????	Ait Yaazem	14.9
?????????	El Mariniyine	14.9
???? ????	Tizi N'ghachou	14.9
???? ????? ????????	Sidi Bouzid Arragragui	14.9
??? ?????	Mirleft	14.9
?????	Tissint	14.9
???????	El Gantour	14.8
???????	Boujedyane	14.8
????? ?????	Oulad Hamdane	14.8
???? ??? ??????	Sidi Abderrazak	14.8
??? ????	Bni A'yat	14.8
???? ????? ???????	Moha Ou Hammou Zayani	14.8
????	Bourd	14.8
???????	Bouchfaa	14.8
??? ??? ????	Ain Bni Mathar	14.8
???? ????	Sidi Ghanem	14.8
??????	Lamhara	14.8
????? ??????	Gheris El Ouloui	14.8
??? ????	Sebt Saiss	14.7
?? ?????	Khatazakane	14.7
????????	El Gouraani	14.7
???????	Al Manzla	14.7
???? ???????	Mechraa Bel Ksiri	14.7
????? ????	Moulay Rachid	14.7
????? ???? ??????	Oulad Aamer Tizmarine	14.7
???? ??????	M'qam Tolba	14.7
???? ?????	Sidi Lamine	14.7
????? ????	Oulad Daoud	14.7
??????	Tainaste	14.7
??? ????	Bni Ftah	14.7
???????	Tiztoutine	14.7
???????	El Orjane	14.7
?? ????	Ben Khlil	14.7
?????	Tinzart	14.7
????? ???	Oulad Abbou	14.6
??? ??????	Ras Ijerri	14.6
??????	Aguelmous	14.6
??? ?????	Ain Beida	14.6
??????	Al Aaroui	14.6
???? ???? ?? ????	Sidi Youssef Ben Ahmed	14.6
????? ???????	Ghiata Al Gharbia	14.6
???? ????	Ida Ou Aazza	14.6
??????	Tansifte	14.6
?????	Er-Rteb	14.6
???????	Es-Sfalat	14.6
???? ??????	Oued Naam	14.6
??????	Shoul	14.5
?????	Tétouan	14.5
????	Zoumi	14.5
????	Louta	14.5
????? ??????	Oulad Bourima	14.5
??????	El Hajeb	14.5
????? ??????	Oulad Chrif	14.5
??????	Tancherfi	14.5
???????	Irohalen	14.5
?????	Tanant	14.5
????????	Afella N'dra	14.5
??????	Mezguita	14.5
??? ??????	Moul El Bergui	14.4
?? ????	Ben Ahmed	14.4
????? ????	Oulad Amer	14.4
????? ???? ?????	Oulad Fares El Halla	14.4
?????	Naour	14.4
??? ????	Bni Snous	14.4
?????	Aknoul	14.4
??? ?????	Bni Ansar	14.4
????	Saiss	14.4
?? ????	Ben Smim	14.4
??? ??????	Oued Jemaa	14.4
??? ????	Ain Legdah	14.4
??????	Aghbala	14.4
?????	Midelt	14.4
???? ?????	Sidi Boutayeb	14.4
???? ????	Sidi Lahsen	14.4
???????	El Hanchane	14.4
????????	Taroudannt	14.4
????? ????	Louad Lakhdar	14.4
?????	Aousserd	14.3
???	Nagga	14.3
??????	Mrizigue	14.3
????????	Errafiaya	14.3
?????	Tiflet	14.3
??? ??????	Had Boumoussa	14.3
?????	Tabouda	14.3
???????	Lamjaara	14.3
???? ???? ??? ?????	Sidi Yahia Bni Zeroual	14.3
?????????	Mrhassiyine	14.3
?????	Ifrane	14.3
??????	Galdamane	14.3
???? ????-??????	Sidi Moussa Lemhaya	14.3
????? ??????	Oulad M'rabet	14.3
????? ?????	Oulad Moumna	14.3
????? ???	Oulad Dahou	14.3
???????	Lagfifat	14.3
??????	Ouirgane	14.3
??? ????? ????? ??????	Ait Sedrate Jebel Soufla	14.3
??? ?? ????	Dar Si Aissa	14.2
???? ??? ????	Koudiat Bni Dghough	14.2
????????	Benslimane	14.2
????????	Braksa	14.2
????? ????	Ouled Youssef	14.2
??? ???????	Melg El Ouidane	14.2
???????	Taourirt	14.2
?????	Abadou	14.2
????	Tifni	14.2
??????	Bouhmame	14.1
??? ??????	Dar Chaoui	14.1
??? ????	Bni Harchen	14.1
??? ????	Had Kourt	14.1
????????	Laghnimyine	14.1
??? ????	Bni Khloug	14.1
????	Mniaa	14.1
??????	Belyounech	14.1
??? ???????	Ain Dfali	14.1
??????	Mezraoua	14.1
??? ????	Sabaa Aiyoun	14.1
???? ??????	Sidi El Makhfi	14.1
???? ??????	Outabouabane	14.1
????????	Lakhnafif	14.1
??????	Abaynou	14.1
??? ???????	Lalla Takarkoust	14.1
????? ???????	Zemrane Charqia	14.1
??????	Toundoute	14.1
?? ????	Foum Zguid	14.1
????????	Laghnadra	14
???? ???? ?? ????	Sidi Mohammed Ben Rahal	14
???? ???????	Sidi El Aidi	14
????	Guisser	14
??????	Meskoura	14
??? ?? ???????	Dar Oum Soltane	14
???? ??????	Majmaa Tolba	14
????? ????	Ouled Nacer	14
??? ????	Bni Hassane	14
??????	Agourai	14
???? ???? ??????	Sidi Yahya Ou Saad	14
??? ????	Ait Yahya	14
??????	Tiznit	14
?????? ?????	Laqsabi Tagoust	14
????	Haouza	14
????? ??? ?????	Skoura Ahl El Oust	14
??? ???	Ait Youl	14
?????	Tah	13.9
????????	El Hagounia	13.9
???????	El Jadida	13.9
???? ????? ?????	Sidi M'hamed Akhdim	13.9
??? ??????	Bir Taleb	13.9
???? ??????	Hay-Hassani	13.9
?????	Mellila	13.9
??? ???	Ait Hammou	13.9
??? ?????	Bab Tiouka	13.9
??? ??? ?????	Dar Ould Zidouh	13.9
??? ???????	Dir El Ksiba	13.9
???????	Rhouazi	13.9
????? ??????	Oulad Zbair	13.9
?????	Enjil	13.9
????	Riah	13.8
????	Settat	13.8
???? ??????	Sidi Dahbi	13.8
????? ?????	Oulad Msabbel	13.8
??????	Eddachra	13.8
?? ???	Oumazza	13.8
?????	Zaggota	13.8
??? ?????	Ait Naamane	13.8
?????	Ouizeght	13.8
??????	M'zouda	13.8
??????	Adassil	13.8
??? ????	Bni Garfett	13.7
????? ??? ??????	Moulay Abdelkader	13.7
???? ???? ?? ???	Sidi Moussa Ben Ali	13.7
??? ???????-?????	Ain Dorbane-Lahlaf	13.7
????? ????? ?????	Oulad Bouali Loued	13.7
????????	Tamchachate	13.7
??? ????? ????? ?????	Souk Sebt Ouled Nemma	13.7
??????	Tanougha	13.7
??? ?????	Bni Tadjite	13.7
?????? ??????	Timzguida-Ouftas	13.7
???????	Laamamra	13.7
?????	Tidili	13.7
??? ?????	Ait Majden	13.7
????? ?????	Oulad Amrane	13.6
???????	Larache	13.6
?????	Jaqma	13.6
?????????	Lambarkiyne	13.6
??????	Fdalate	13.6
??????	El Borouj	13.6
??? ????	Ait Yadine	13.6
???????	Jbabra	13.6
??????	Imzouren	13.6
??? ??????	Bni Bouayach	13.6
????? ?????	Moulay Yacoub	13.6
??????	M'zizel	13.6
???? ?????	Sidi Ishaq	13.6
?????	Smimou	13.6
??? ????	Ait Baha	13.6
??????	Lamhadi	13.6
??? ?????	Ait Imour	13.6
????? ????	Oulad Aarrad	13.6
????????	Laatamna	13.6
?????	Ouargui	13.6
?????	Zerkten	13.6
??? ?????	Jbel Lahbib	13.5
???? ???? ??????	Sidi Ahmed Benaissa	13.5
???? ?????	Sidi El Mekki	13.5
???? ??? ???????	Sidi Ali Labrahla	13.5
???? ????????	Kelâat Sraghna	13.5
???????	Laqraqra	13.5
???????	Chtaiba	13.5
????? ?? ?????	Ouled Ben Hammadi	13.5
????	Tekna	13.5
???????	Laanoussar	13.5
??????	Tounfite	13.5
??????	Amersid	13.5
?????	Barkine	13.5
??? ?????	Ahl Angad	13.5
??????	Freija	13.5
?????	Alnif	13.5
???? ????	Jamaat Shaim	13.4
?????	Bouchane	13.4
?????	Laghdir	13.4
??? ???????	Oued Jdida	13.4
??????? ????	Immouzzer-Kandar	13.4
???? ?????	Sidi Harazem	13.4
???	Guir	13.4
??????	Tafetachte	13.4
???? ????? ????	Sidi M'hamed Dalil	13.4
??????	Agadir	13.4
?????? ???????	El Koudia El Beida	13.4
??? ????	Ait Igas	13.4
???????	Lakhsas	13.4
???? ?????	Sidi Boubker	13.4
?????? ????	Boumalne-Dades	13.4
??? ????? ???????	Bni M'hamed-Sijelmassa	13.4
???????	Saadla	13.3
??????	Sahel	13.3
??? ????????	Souk El Arbaa	13.3
?????? ????????	Mzamza Janoubia	13.3
???????	Bouguargouh	13.3
????? ????	Oulad Fares	13.3
???? ????	Sidi Moussa	13.3
???????	El Ganzra	13.3
???? ??????	Sidi Mokhfi	13.3
???????	Outerbat	13.3
??? ????	Ait Izdeg	13.3
???????-?????	Ksabi-Moulouya	13.3
??????	Bouarfa	13.3
??? ????	Ait Hadi	13.3
?????	Tamri	13.3
?????	Eddir	13.3
???	Issen	13.3
??????	Tilemzoun	13.3
??????	Fraita	13.3
?????	Jorf	13.3
???? ??? ????	Sidi Abdellah	13.2
????? ????	Oulad Aamer	13.2
??? ??	Oued Laou	13.2
????	Fifi	13.2
??????	Bouchabel	13.2
???? ??????	Sidi El Abed	13.2
??????	Bouarouss	13.2
???? ?????? ??? ???????	Sidi Slimane Moul Al Kifane	13.2
??? ???????	Ain Taoujdate	13.2
??????	Loulja	13.2
?????	Messassa	13.2
??? ?????	Ouad Amlil	13.2
?????	Tamanar	13.2
????? ????	Ouled Dlim	13.2
????????	Jbilate	13.2
???????	Ménara	13.2
?????	Aoulouz	13.2
??????	N'kob	13.2
??? ??????	Ait El Farsi	13.2
????	Melaab	13.2
???? ??????	Sidi Lyamani	13.1
???????	Bouznika	13.1
???? ?? ???	Machraa Ben Abbou	13.1
??? ??????	Ait Taleb	13.1
???? ????????	Skhour Rhamna	13.1
??????	Chefchaouen	13.1
???? ??????	Sidi Boutmim	13.1
????????	El Bsabsa	13.1
?????	Selouane	13.1
??????	Charqaoua	13.1
?????	Er-Rich	13.1
???? ?????	Sidi Borja	13.1
??? ???? ????	Ait Sidi Daoud	13.1
??? ???	Bouya Omar	13.1
??? ?????	Ait Ouassif	13.1
??? ????? ????? ???????	Ait Sedrate Sahl Charkia	13.1
??????	Allougoum	13.1
???????	Tagounite	13.1
?????	Tinghir	13.1
????	Fezna	13.1
???? ??????	Sidi Ettiji	13
???????	Esbiaat	13
????	Charrate	13
????? ???	Ouled Frej	13
???????	Toualet	13
????????	El Aamria	13
??????	Taouzint	13
????	Hssaine	13
??????	Bouhouda	13
????? ???? ??? ??????	Zaouiat Sidi Abdelkader	13
??????	Assebbab	13
???????	Talsint	13
????	Igli	13
?????	Demnate	13
????? ???? ???	Taghzoute N'ait Atta	13
????	Mogress	12.9
????????	Echemmaia	12.9
????????	Al Haouafate	12.9
???? ????	Sidi Bennour	12.9
??????	Jabria	12.9
????????	Sgamna	12.9
???? ???? ??????	Sidi Ahmed El Khadir	12.9
??? ??? ??????	Ait Ali Ou Lahcen	12.9
?????	Al Oued	12.9
???? ?????	Kalaat Bouqorra	12.9
???? ????? ?????	Sidi Haj M'hamed	12.9
??? ?????	Bni Gmil	12.9
??? ???????	Ait Bourzouine	12.9
?????	Boumia	12.9
??? ????	Ait Ayach	12.9
?????	Taddart	12.9
????	Majjat	12.9
???????	Tamazouzte	12.9
???? ???? ?? ??????	Sidi Aissa Ben Slimane	12.9
???? ??? ??????	Sidi Abdelkhaleq	12.8
???????	Lakhoualqa	12.8
??????	N'khila	12.8
????? ?????	Oulad Yaacoub	12.8
??? ????	Ait Taguella	12.8
???????	Lamrabih	12.8
??? ???? ???????	Bni Ahmed Cherqia	12.8
?????	Chakrane	12.8
???????	Driouch	12.8
??? ??? ????	Ait Harz Allah	12.8
???? ????? ?? ????	Sidi M'hamed Ben Lahcen	12.8
???????	Mibladen	12.8
??? ?????	Ras Laksar	12.8
??? ?????	Ait Daoud	12.8
?????	Ghmate	12.8
?????	Dzouz	12.8
??????	Taliouine	12.8
??? ????? ????? ??????	Ait Sedrate Jbel El Oulia	12.8
??????? ???????	M'hamid El Ghizlane	12.8
?????? ???????	Aghbalou-N'kerdous	12.8
????? ??????	Ferkla El Oulia	12.8
??????	Tinejdad	12.8
??????	Jraifia	12.7
???????	Lamrasla	12.7
?????	Kridid	12.7
???????	Atiamim	12.7
???? ????? ?????	Sidi M'hamed Chelh	12.7
?? ????	Foum Oudi	12.7
??? ????	Ain Lahsan	12.7
??? ?????	Ain Aicha	12.7
???????	Boufakrane	12.7
????? ????	Oulad Ayyad	12.7
????	Guigou	12.7
??????	Boumerieme	12.7
?????	Gourrama	12.7
???????	Tendrara	12.7
??????	Inezgane	12.7
???? ???? ?? ???	Sidi Ahmed Ou Amar	12.7
??????? ???????	Igoudar Mnabha	12.7
??????	Annakhil	12.7
??????	Tlauh	12.7
????????	Iguerferouane	12.7
??????	Boudnib	12.7
????? ????	Zaouiat Saiss	12.6
???????	Lahsasna	12.6
???????	Laatatra	12.6
????? ??????	Skoura Lhadra	12.6
??????	Boumaiz	12.6
??? ?? ????	Ait Ouqabli	12.6
??????	Taghramt	12.6
????	Bitit	12.6
??? ???????	Guers Tiaallaline	12.6
??????	Lamrija	12.6
???????	Tamegroute	12.6
??? ?????? ?????	Souk Tlet El Gharb	12.5
???? ?? ????	Kariat Ben Aouda	12.5
???? ????	Sidi Azzouz	12.5
?????????	El Mansouria	12.5
????????	M'nabha	12.5
????? ???? ????	Oulad Hassoune Hamri	12.5
????? ?????	Oulad Imloul	12.5
???????	Lounasda	12.5
????? ?????	Oulad El Garne	12.5
???? ???? ?????	Sidi Yahia El Gharb	12.5
????? ?????	Oulad Abdoune	12.5
??????	Ratba	12.5
?????	Selfat	12.5
????? ????	Oulad Settout	12.5
???????? ????????	Laattaouia Ech-Chaibia	12.5
???? ??????	Tidili Fetouaka	12.5
??????	Tighedouine	12.5
???????	Tazarine	12.5
????	Jdour	12.4
????? ????	Oulad Nouel	12.4
???? ???? ??????	Sidi Rahal Chatai	12.4
??? ???????	Dar Chaffai	12.4
?????	Jbiel	12.4
?? ??????	Foum El Anceur	12.4
?????????	Mallalienne	12.4
????? ?????	Oulad Mimoun	12.4
?????	Tizguite	12.4
????? ?????	Outat El Haj	12.4
?????	Guercif	12.4
???????	Douirane	12.4
?????	Bourrous	12.4
????? ????	Oulad Hassoune	12.4
?????	Akarma	12.4
????	Tilmi	12.4
????? ??????	Oulad Freiha	12.3
??????	Taounate	12.3
??????	Ouislane	12.3
???? ???? ?????	Sidi Yahia Ou Youssef	12.3
???????	Ermila	12.3
????? ????? ???	Houara Oulad Raho	12.3
???? ???????	Sid L'mokhtar	12.3
????? ????	Oulad Aissa	12.3
?????	Guelmim	12.3
??? ??????	Sid Zouine	12.3
????	Asni	12.3
????????	Jaidate	12.3
?????	Zemrane	12.3
????? ????	Oulad Khallouf	12.3
????? ???????	Tamda Noumercid	12.3
??? ????	Ait Hani	12.3
?????	Hrara	12.2
???? ???????	Sidi Smail	12.2
????? ?????	Oulad Rahmoune	12.2
???? ????	Sidi Moumen	12.2
????????	Labrikiyne	12.2
??? ???	Bni Leit	12.2
??? ?????	Bni Ammart	12.2
???? ??????	Sidi Bouzineb	12.2
??? ????????	Ait Boubidmane	12.2
??? ???????	Ain Bida	12.2
??????	Bou-Azmou	12.2
????	Zegzel	12.2
????? ???? ??????	Zaouia Sidi Tahar	12.2
??? ??? ????????	Ras Ain Rhamna	12.2
???????	Assahrij	12.2
??? ??????	Imi-N'oulaoune	12.2
???? ????	Sidi Hajjaj	12.1
????? ??????	Oulad Cherki	12.1
???? ????	Sidi Bettache	12.1
????? ?????	Agoudi N'lkhair	12.1
??????	Imilchil	12.1
??? ??????	Souk Kdim	12.1
??????	Bghaghza	12.1
??? ?????	Souk L'qolla	12.1
?????	Iqaddar	12.1
??????	Timahdite	12.1
??????? ????????	Dcheira El Jihadia	12.1
????	Anzou	12.1
??? ????? ????? ???????	Ait Sedrate Sahl El-Gharbia	12.1
???????	Taftechna	12.1
????	H'ssyia	12.1
????????	Errachidia	12.1
????? ?????	Chorfa M'daghra	12.1
??????	Taghbalte	12.1
???????	Nouirate	12
?????	Allyene	12
????? ??? ?????	Oulad Ali Mansour	12
?????	M'tioua	12
????????	Khlalfa	12
?????	Laqsir	12
??? ????? ?????	Ait Sebaa Lajrouf	12
????? ????	Aouint Lahna	12
????	Tata	12
??? ??????	Souk Tolba	11.9
??????? ??????	Lamharza Essahel	11.9
??? ??????	M'zem Sanhaja	11.9
?????	Azghar	11.9
??????	Tabaroucht	11.9
???? ?????	Tizi N'isly	11.9
???? ?? ????	Karia Ba Mohamed	11.9
???????	Timezgana	11.9
??? ?????	Ain Bou Ali	11.9
??????	Aghbalou	11.9
????? ???? ????	Zaouiat Sidi Hamza	11.9
???????	En-Nzala	11.9
????? ?????	Ouled M'hamed	11.9
??? ?????	Lalla Aaziza	11.9
??? ?????	Ras El Ain	11.8
???? ??? ?? ?????	Sidi Ali Ben Hamdouche	11.8
?????	Chtouka	11.8
?????? ????? ?????	Sahel Oulad H'riz	11.8
???????	Tilougguite	11.8
???????	Louadaine	11.8
?????	Ighoud	11.8
????????	Loudaya	11.8
???????	Aghouatim	11.8
?????	Lkheng	11.8
???? ???? ?????	Aarab Sebbah Gheris	11.8
??????	Es-Sifa	11.8
??????	Zmamra	11.7
???? ?? ????	Kasbat Ben Mchich	11.7
?????	Loulad	11.7
????	Mayate	11.7
???? ??????	Sidi El Hattab	11.7
??? ???? ???????	Bni Ahmed Gharbia	11.7
??? ??????	Bni Bounsar	11.7
??? ????	Bni Mathar	11.7
????????	Imintanoute	11.7
???????	El Guerdane	11.7
????? ?????	Aouint Yghomane	11.7
?????	Msied	11.7
???????	Choara	11.7
????? ???? ??????	Oulad Yahia Lagraire	11.7
????? ????	Ouled Ghanem	11.6
???? ???? ??????	Sidi Ameur Al Hadi	11.6
?????	Lamharra	11.6
??? ????	Ait Ouallal	11.6
???????	Zinat	11.6
?????	Tanaqoub	11.6
??????	Taoughilt	11.6
?????	Rhafsai	11.6
?????	Bouarg	11.6
?????	Anemzi	11.6
???? ?????	Sidi Yacoub	11.6
??? ?????	Sti Fadma	11.6
??? ?????	Ait Tamlil	11.6
???? ?????	Kalâat M'gouna	11.6
??????	Tamezmoute	11.6
???????	El Beddouza	11.5
???????	Médina	11.5
???????	Souaken	11.5
???????	El Marbouh	11.5
??????	Tagleft	11.5
??? ??? ????	Dar Bni Karrich	11.5
????????	Derdara	11.5
??? ???? ???????	Bni Gmil Maksouline	11.5
?????	Zaida	11.5
???????	Bouyablane	11.5
?????	Imider	11.5
????????	Loualidia	11.4
????	Ayir	11.4
????? ????	Oulad Aissa	11.4
????????	Khnichet	11.4
????????	Skhirate	11.4
????? ????	Oulad Sbih	11.4
??????	Azilal	11.4
????????	Mkansa	11.4
??? ???? ????? ?????	Bni Oukil Oulad M'hand	11.4
??? ??????	Ain Cheggag	11.4
????? ?????	Ouled Ghziyel	11.4
?????	Mrija	11.4
?????	Aourir	11.4
?????	Agafay	11.4
??????	Tamallalt	11.4
??? ?????	Ait Faska	11.4
???????	Bouzeroual	11.4
??????	Fezouata	11.4
?????? ????????	Rissana Chamalia	11.3
??????	Laghdira	11.3
???????	Nouaceur	11.3
?????	Berrechid	11.3
?????	Tizgane	11.3
?????	Amtar	11.3
???????	Targuist	11.3
??????	Bouanane	11.3
???? ??????	Sidi Boumoussa	11.3
????? ?????	Oulad Teima	11.3
??? ??????	Ait Oumdis	11.3
?????	Sefsaf	11.2
????? ?????	Oulad Chbana	11.2
???? ???? ????????	Sidi Allal El Bahraoui	11.2
???? ????	Sidi Aayad	11.2
????? ???? ??? ??????	Ouled Sidi Abdelhakem	11.2
?????	Ahdil	11.2
??????	Tan-Tan	11.2
??????	Tarmigt	11.2
???????	Tinzouline	11.2
??? ????	Bni Zoli	11.2
??????	Arbaoua	11.1
??? ???????	Dar Gueddari	11.1
???? ??????	Lbir Jdid	11.1
????	Sabbah	11.1
?????	Anjra	11.1
?????	Martil	11.1
????	Saka	11.1
???????	Laajajra	11.1
??? ?????	Ain Kansara	11.1
???? ???? ?????	Kandar Sidi Khiar	11.1
?????	Missour	11.1
??? ?????	Ait M'hamed	11.1
???????	Ouarzazate	11.1
????? ???? ????	Tiffert N'ait Hamza	11
??? ????	Bni Said	11
????????	Imindounit	11
???????	Al Ouidane	11
??? ?????	Ait Ourir	11
??????	Steha	10.9
???? ????	Sidi Daoud	10.9
???????	M'haya	10.9
?????	Tabant	10.9
??? ????	Ait Ouallal	10.9
????? ?????	Ouled Hcine	10.8
??? ?????	Ain Harrouda	10.8
??????	Mediouna	10.8
????????	Jaafra	10.8
????? ????	Oulad Zarrad	10.8
??? ???????	Dar Bel Amri	10.8
??????	M'diq	10.8
??????	Tassift	10.8
?????	Zouagha	10.8
???? ???? ??????	Sidi Moussa Lhamri	10.8
????? ?????	Oulad Berhil	10.8
????????	Souihla	10.8
???????	M'semrir	10.8
?????	Arfoud	10.8
????????	M'saada	10.7
????	Azla	10.7
??? ?????	Bni Faghloum	10.7
??? ?????	Bni Darkoul	10.7
??? ????????	Sebt Loudaya	10.7
???? ??? ???? ??????	Sidi Abdellah Al Khayat	10.7
???????	Dkhissa	10.7
??????? ???????	Zaouia Annahlia	10.7
???? ???????	Ahmar Laglalcha	10.7
???????	Tameslohte	10.7
???????	Taznakht	10.7
??????	Ternata	10.7
??? ???? ???	Aarab Sebbah Ziz	10.7
?????	Zouada	10.6
??? ????	Ksar Bjir	10.6
????? ?????	Ouled H'cine	10.6
??? ??????	Jorf El Melha	10.6
??? ?????	Sebaa Rouadi	10.6
???? ??? ??????	Sidi Ali Bel Quassem	10.6
??? ?????	Ait Iaaza	10.6
????????	Laattaouia	10.6
??? ?????-??? ????	Ait Hkim-Ait Yzid	10.6
?????	Ouaoula	10.6
???? ??????	Ighil N'oumgoun	10.6
????? ??????	Ksar Sghir	10.5
??? ????	Beni Malek	10.5
???? ??????	Sidi Al Kamel	10.5
????? ????	Oulad Ziyane	10.5
???? ???? ???????	Sidi Moussa El Majdoub	10.5
??? ????	Ben Guerir	10.5
???? ??? ???????	Sidi Bouknadel	10.5
?????????	Sahtryine	10.5
?????	Saddina	10.5
???????	Al Hamra	10.5
???? ?????	Jnan El Ouard	10.5
?????	Tissaf	10.5
???????	Lamzoudia	10.5
??? ????	Ait Melloul	10.5
?????	Belfaâ	10.5
???? ???????	Sidi Bou Othmane	10.5
??????	Ikniouen	10.5
????????	Er-Rissani	10.5
???? ????	Sidi Abed	10.4
????? ????	Jnane Bouih	10.4
????? ?????	Oulad Ouchih	10.4
????? ????	Ouled Salah	10.4
??? ???	Bni Idder	10.4
????	Majjate	10.4
????	Tissa	10.4
??? ??? ????	Ait Haddou Youssef	10.4
???? ?????	Sidi Dahmane	10.4
????????	Bouizakarne	10.4
???	Assa	10.4
??????	Ouaklim	10.4
???? ???	Sidi Ali	10.4
?????? ????????	Rissana Janoubia	10.3
??? ?????	Ain Tizgha	10.3
???????	Fnideq	10.3
??? ?????	Bni Bouzra	10.3
??? ?????? ???????	Abdelghaya Souahel	10.3
??? ???? ???????	Bni Ahmed Imoukzan	10.3
????	Mikkes	10.3
??????	Gteter	10.3
?????	Tiglit	10.3
????	Agdz	10.3
???????	Rmilat	10.2
????????	Layayda	10.2
???????	Boutferda	10.2
????? ???? ????	Zaouiat Sidi Kacem	10.2
??? ??????	Bni Bouchibet	10.2
??????	Ourika	10.2
??? ??????	Ait Bou Oulli	10.2
??????	Errouha	10.2
????? ??? ??????	Moulay Ali Cherif	10.2
??? ?????	Sebt Gzoula	10.1
???????	Chouafaa	10.1
??? ?????	Bni Yagrine	10.1
??????	Znada	10.1
??? ?????	Mers El Kheir	10.1
?????	Mehdya	10.1
?????	Anergui	10.1
?????	Temsia	10.1
???? ??? ???? ????	Sidi Abdellah Ghiat	10.1
???? ??????	Sidi Boulkhalf	10.1
?????	Abteh	10
????? ?????	Oulad Tayeb	10
????????	Fritissa	10
???? ????	Sidi Chiker	10
??????	Al Mahbass	10
????????	Oukaimden	10
??????	Zagora	10
????????	Sfafaa	9.9
???????	Zaitoune	9.9
???? ???	Dayat-Aoua	9.9
??? ????????	Dar Laaslouji	9.8
????????	Lahraouyine	9.8
?????	Ketama	9.8
???????	Tamsaout	9.8
??? ?????	Bni Bchir	9.8
??????	Tahannaout	9.8
??? ????	Ait Aadel	9.8
????????	Hiadna	9.7
??? ??????	Ain El Aouda	9.7
????? ??????	Ksar El Majaz	9.7
????	Zarkt	9.7
??????	El Atef	9.7
??????	Chichaoua	9.7
??? ???????	Sebt Azzinate	9.6
???? ???? ??????	Sidi Allal Tazi	9.6
??????? ????????	Soualem Trifiya	9.6
??? ???	Bab Berred	9.6
????????	Mansoura	9.6
??? ????	Bni Rzine	9.6
????	Isly	9.6
?????	Mghogha	9.5
?????	Haouzia	9.5
??? ????	Tit Mellil	9.5
??? ????	Bni Yakhlef	9.5
??? ????	Oued Malha	9.5
??? ?????	Ait Blal	9.5
??????	Akhfennir	9.4
?????	Malloussa	9.4
????? ?????	Ouled Slama	9.4
??? ??????	Lalla Mimouna	9.4
??? ????	Bab Taza	9.4
??????	Bouchaouene	9.4
??? ???	Bni Guil	9.4
????? ??????	Zaouiat Ahansal	9.4
??????	Laâyoune	9.3
??????	Deroua	9.3
?????	Iounane	9.3
??????	Maatarka	9.3
????????	Kceibya	9.2
??????	Talambote	9.2
?????	Saada	9.2
??????	Et-Taous	9.2
????? ???? ??????	Moulay Ahmed Cherif	9.1
??????????	Al Bahraoyine	9
??? ?????	Bni Selmane	9
??????	Ouaouzgane	9
??????	Lqliaa	9
??????	Inchaden	9
??????	Bleida	9
?? ?????	Foum El Oued	8.9
???????	Es-Semara	8.9
????????	Mnasra	8.9
??????	Mograne	8.9
???????	Tassoultante	8.9
??????	Jouamaa	8.8
??? ????	Ain Attig	8.8
???? ??????	Sidi Taibi	8.8
?????	Tamorot	8.8
????????	Laouamra	8.7
???? ????? ?????	Sidi Boubker El Haj	8.7
???? ????????	Ameur Chamalia	8.7
????????	Ech-challalate	8.7
??? ????	Bni Smih	8.7
??? ?????	Ain Chkef	8.7
??????	Biougra	8.7
??? ??????	Oued Essafa	8.7
????? ???????	Moulay Bousselham	8.6
?????	Zag	8.6
???? ???? ????	Sidi Mohamed Lahmar	8.5
??? ?????	Dar Bouazza	8.5
???????? ????? ??????	Almajjatia Oulad Taleb	8.5
?? ???????	Had Soualem	8.4
???????	Bouskoura	8.4
?????? ????	Nzalat Laadam	8.4
????? ??? ????	My Abdellah	8.3
???? ???? ???????	Sidi Mohamed Benmansour	8.3
????? ????	Oulad Azzouz	8.3
??? ????	Ait Abbas	8.3
???? ????	Sidi Bibi	8.2
????????	Drargua	8.2
???? ???? ???????	Ouahat Sidi Brahim	8.2
??????	Tarfaya	8.1
??? ?????	Bni Makada	8.1
???????	Ben Mansour	8.1
???? ???? ??? ????	Sidi Hajjaj Oued Hassar	8.1
???? ???? ????	Sidi Yahya Zaer	8.1
??? ????	Bni Salah	8.1
???? ???????	Ameur Seflia	8
?????	Issaguen	8
????? ????? ????	Bahhara Ouled Ayad	7.9
??? ?????	Bni Mansour	7.9
????????	Jdiriya	7.9
???????	Haddada	7.7
?????	Harbil	7.7
????	Ameur	7.4
??? ????	Abbou Lakhal	7.4
???????	Laaouama	7.3
??? ?????	Hjar Ennhal	7.1
??????	Boujdour	6.9
??? ?????	Ait Amira	6.4
???????	Labouirat	6.4
???????	Gueznaia	5.7
??????	El Ouatia	5.4
???????	Dakhla	5.1
????	Tichla	4.3
??? ?????	Bir Gandouz	3.7
??? ??????	Bir Anzarane	3.5
??????	El Marsa	3.4
??????	Imlili	3.4
???????	El Argoub	2.5
?? ?????	Oum Dreyga	0
???????	Aghouinite	
?????	Mijik	
????	Sebta	
??????	Melilia	
?????	Zoug	
???????	Lagouira	
