Libelle Arabe;commune;taux_vieillesse;commune_norm
??? ??????;Imi N'tayart;39.7;imintayart
?????;Tabia;38.1;tabia
????;Ammelne;37.7;ammelne
???????;Tassrirt;37.0;tassrirt
?????;Tanalt;36.4;tanalt
?????;Aouguenz;35.9;aouguenz
?????? ???????;Tafraout El Mouloud;35.1;tafraoutelmouloud
???? ??????;Tizi Ntakoucht;34.9;tizintakoucht
??? ??? ????;Ait Abdallah;34.4;aitabdallah
???? ??????;Irigh N'tahala;34.3;irighntahala
??? ????;Ait Issafen;34.2;aitissafen
?????;Tindine;33.6;tindine
????? ????;Tnine Aday;32.5;tnineaday
???????;Tarsouat;32.3;tarsouat
???????;Tizoughrane;32.0;tizoughrane
???? ??????;Targua-Ntouchka;31.5;targuantouchka
???? ????;Sidi Mzal;31.5;sidimzal
??? ???????;Ida Ou Gougmar;31.4;idaougougmar
???????;Oualqadi;31.1;oualqadi
???? ????;Sidi Boaal;31.1;sidiboaal
??? ?????;Ait Ouafqa;31.0;aitouafqa
??? ??????;Ida-Ougnidif;30.9;idaougnidif
????;Adar;30.2;adar
??????;Tisfane;30.1;tisfane
????????;Toumliline;30.0;toumliline
?????? ??? ????;Arbaa Ait Ahmed;29.5;arbaaaitahmed
?????;Hilala;29.2;hilala
?????? ??????;Arbaa Rasmouka;29.1;arbaarasmouka
???????;Dcheira;29.0;dcheira
????;Anfeg;28.9;anfeg
???????;Souissi;28.8;souissi
???????;Toufelaazt;28.5;toufelaazt
??????;Nihit;28.2;nihit
??????;Imaouen;28.0;imaouen
??????;Tassegdelt;27.9;tassegdelt
???? ????;Afella Ighir;27.9;afellaighir
??????;Toughmart;27.8;toughmart
??????;Tadrart;27.6;tadrart
????????;Touarga;27.0;touarga
??? ???? ?????;Ait Aissa Ihahane;27.0;aitaissaihahane
????;Ouijjane;26.8;ouijjane
?????;Issafen;26.8;issafen
????;Amalou;26.7;amalou
??????? ??????;Gleibat El Foula;26.5;gleibatelfoula
????;Tizaghte;26.5;tizaghte
????;Hassan;26.3;hassan
?????;Ahfir;26.3;ahfir
?????????;Azaghar N'irs;26.1;azagharnirs
?????;Aziar;26.0;aziar
????? ??????;Agdal Riyad;25.9;agdalriyad
??????;Daoura;25.5;daoura
??? ????;Ait Mzal;25.4;aitmzal
????;Ibdar;25.4;ibdar
????;Anzi;25.3;anzi
???? ???????;Al Machouar-Stinia;25.1;elmachouarstinia
??? ??????;Bni Marghnine;25.0;bnimarghnine
?????;Assads;25.0;assads
???? ???? ??????;Sidi Ahmed Laaroussi;24.9;sidiahmedlaaroussi
????;Adrej;24.9;adrej
?????;Amtdi;24.9;amtdi
????;Anfa;24.8;anfa
??????;Tamanarte;24.7;tamanarte
??? ???????;Ain Erreggada;24.6;ainerreggada
?????? ??????;Echatea El Abied;24.5;echateaelabied
??????;Boutrouch;24.5;boutrouch
????– ??????;Méchouar-Kasba;24.5;mechouarkasba
??? ??????;Ait Ouadrim;24.4;aitouadrim
???? ????;Targa Wassay;24.4;targawassay
??????;Takoucht;24.3;takoucht
???? ??? ???? ?????????;Sidi Abdallah El Bouchouari;24.3;sidiabdallahelbouchouari
???????;Tifariti;24.1;tifariti
???????;Imouzzer;24.0;imouzzer
???? ???????;Tidsi-Nissendalene;24.0;tidsinissendalene
?????? ??????;Arbaa Sahel;23.9;arbaasahel
??????;Sbouya;23.9;sbouya
??????;Talilit;23.8;talilit
?????;Tighmi;23.8;tighmi
????????;Maârif;23.7;maarif
?????;Agdal;23.7;agdal
???? ?????;Sidi Belyout;23.5;sidibelyout
??? ???????;Mers-Sultan;23.4;merssultan
???? ???? ??????;Sidi Ahmed Ou Moussa;23.3;sidiahmedoumoussa
?????? ??????;El Maader El Kabir;23.1;elmaaderelkabir
??????;Aguinane;23.1;aguinane
????? ????? ???????;Oulad Daoud Zkhanine;23.0;ouleddaoudzkhanine
????;Figuig;23.0;figuig
?????;Idmine;23.0;idmine
????? ????;Tnine Aglou;22.9;tnineaglou
??????;Houderrane;22.8;houderrane
?????;Tataoute;22.8;tataoute
??? ?????;Ouad L'bour;22.7;ouadlbour
?????;Aqsri;22.7;aqsri
?????;Adaghas;22.6;adaghas
???? ???? ??????;Sidi H'mad Ou Hamed;22.5;sidihmadouhamed
??? ??????;Ras Tabouda;22.4;rastabouda
???? ???? ??????;Sidi Allal Lamsadder;22.3;sidiallallamsadder
??????;Al-Fida;22.2;elfida
????? ???????;Marrakech-Médina;22.2;marrakechmedina
??????;Tazaghine;22.1;tazaghine
???? ?? ??? ????;Sidi Bouabdelli;22.1;sidibouabdelli
???? ?????? ?? ???;Sidi H'saine Ou Ali;22.1;sidihsaineouali
???????;Bounaamane;22.0;bounaamane
????????;Tizgzaouine;22.0;tizgzaouine
?????;Tagmout;21.9;tagmout
???????;Boudinar;21.8;boudinar
????????;Harhoura;21.7;harhoura
??????;Irhzrane;21.6;irhzrane
??? ???????;Dar El Hamra;21.6;darelhamra
??????????;Al Barkanyene;21.6;elbarkanyene
???????;Tigzmerte;21.6;tigzmerte
???? ???????;Hay-Mohammadi;21.5;haymohammadi
???? ????;Sidi Amar;21.5;sidiamar
?????;Iferni;21.5;iferni
???;Tiqqi;21.5;tiqqi
?????? ??? ??? ????;Arbaa Ait Abdellah;21.5;arbaaaitabdellah
???????;Lamnizla;21.4;lamnizla
?????;Tiddas;21.3;tiddas
??? ????? ????;Bni Sidel Louta;21.3;bnisidellouta
????????;Mtarnagha;21.3;mtarnagha
?????;Labyar;21.3;labyar
?????;Tighirt;21.3;tighirt
??????;Bouzemmour;21.2;bouzemmour
????? ????;Tnine Amellou;21.2;tnineamellou
?????;Assaisse;21.2;assaisse
???????;Bigoudine;21.1;bigoudine
??? ?????;Ait Ouabelli;21.1;aitouabelli
??? ?????;Ibn Yacoub;21.1;ibnyacoub
?????? ???????;Asoukhour Assawda;21.0;asoukhourassawda
????;Tidzi;21.0;tidzi
???????;Tahelouante;21.0;tahelouante
??????;Rghioua;20.9;rghioua
??? ????? ?????;Bni Sidel Jbel;20.9;bnisideljbel
???? ??????;Sidi Bouhria;20.9;sidibouhria
???? ?????;Ida Ou Kazzou;20.9;idaoukazzou
??????;Tassousfi;20.9;tassousfi
??????;Tangarfa;20.8;tangarfa
??? ????;Ait Mait;20.7;aitmait
???? ???????;Sidi El Jazouli;20.7;sidieljazouli
??? ????;Ait Milk;20.7;aitmilk
???? ??????;Sidi M'bark;20.7;sidimbark
????????;Maaziz;20.6;maaziz
??????;Tafersit;20.6;tafersit
??? ???? ????;Ahl Sidi Lahcen;20.6;ahlsidilahcen
????? ??????;Oulad Mkoudou;20.6;ouledmkoudou
??? ?????;Rass Oumlil;20.6;rassoumlil
????;Aday;20.6;aday
??? ?????;Ait El Mane;20.5;aitelmane
??????;Imgrade;20.5;imgrade
?????;Assais;20.5;assais
????? ????;Taliouine Assaka;20.5;taliouineassaka
????? ???? ??????;Ifrane Atlas Saghir;20.5;ifraneatlassaghir
????? ??????;Oulad Boussaken;20.4;ouledboussaken
??? ????;Hel Merbaa;20.4;helmerbaa
??? ?? ??;Bir Tam-Tam;20.4;birtamtam
???? ?????;Sidi Boubker;20.4;sidiboubker
???????? ????? ????;Rdadna Oulad Malek;20.3;rdadnaouledmalek
????? ???????;Yacoub El Mansour;20.3;yacoubelmansour
??? ????;Ain Kaicher;20.3;ainkaicher
???? ??? ??????;Sidi Ali Bourakba;20.3;sidialibourakba
??? ????????;Dar El Kebdani;20.3;darelkebdani
??????;Arekmane;20.3;arekmane
??? ????;Ait Ikkou;20.2;aitikkou
??? ????;Ben-M'sick;20.1;benmsick
??? ????;Ait Ammar;20.0;aitammar
?????;Amejjaou;20.0;amejjaou
??????;Iksane;20.0;iksane
?????;El Borj;20.0;elborj
?????;Berkane;20.0;berkane
?????;El Faid;20.0;elfaid
????????;Tadighoust;20.0;tadighoust
?????;Bettana;19.9;bettana
????????;Tafoughalt;19.9;tafoughalt
?????? ??? ??????;Méchouar-Fès-El Jadid;19.8;mechouarfeseljadid
?????-????;Skoura M'daz;19.8;skouramdaz
???? ?????;Mechraa Hammadi;19.8;mechraahammadi
?????;Rislane;19.8;rislane
??????;El Menzel;19.7;elmenzel
?????;Aglif;19.7;aglif
????? ????? ?????;My Idriss Zerhoun;19.6;myidrisszerhoun
???? ??? ???????;Sidi Ali El Korati;19.6;sidialielkorati
???????;Imoulass;19.6;imoulass
???? ???? ??????;Sidi Ahmed Cherif;19.5;sidiahmedcherif
??? ?????;Ras-El-Ma;19.5;raselma
??????;Touissit;19.5;touissit
????? ?????;Oulad Boubker;19.4;ouledboubker
???? ????????;Sidi Boushab;19.4;sidiboushab
??? ?????;Ida-Ougoummad;19.4;idaougoummad
???????;Mzefroune;19.3;mzefroune
????;M'tal;19.3;mtal
???? ?????;Sidi Kaouki;19.3;sidikaouki
???? ???? ???????;Sidi Hmad Ou M'barek;19.3;sidihmadoumbarek
?????;Kouzemt;19.3;kouzemt
??? ???????;Sebt Ennabour;19.3;sebtennabour
??? ??? ????;Bni Abdellah;19.2;bniabdellah
???????;Reggada;19.2;reggada
???? ????;Gueltat Zemmour;19.1;gueltatzemmour
??? ?????? ???????;Ait Bouyahia El Hajjama;19.1;aitbouyahiaelhajjama
??????;El Hammam;19.1;elhammam
???????;Timoulay;19.1;timoulay
?????;Metrane;19.0;metrane
??????? ???????;Khemisset Chaouia;19.0;khemissetchaouia
??? ?????;Kaf El Ghar;19.0;kafelghar
?????;Aklim;19.0;aklim
???? ??? ???? ?? ????;Sidi Abdellah Ou Said;19.0;sidiabdellahousaid
???;Bzou;18.9;bzou
?????;Azlaf;18.9;azlaf
??? ???????;Fès-Médina;18.9;fesmedina
?????;El Mers;18.9;elmers
??????;Ouneine;18.9;ouneine
???? ??????;Sidi Hsaine;18.9;sidihsaine
????? ????? ?????;My Driss Aghbal;18.8;mydrissaghbal
??? ????;Bni Smir;18.8;bnismir
???????;Zeghanghane;18.8;zeghanghane
??????;Talzemt;18.8;talzemt
??? ?????;Imi-Mqourn;18.8;imimqourn
??? ?????;Ait Makhlouf;18.8;aitmakhlouf
????????;Khémisset;18.7;khemisset
???????;Taghzirt;18.7;taghzirt
??????;Rouadi;18.7;rouadi
???? ????;Tizi Ouasli;18.7;tiziouasli
???? ???? ??? ???? ?? ?????;Kasbat Sidi Abdellah Ben M'barek;18.7;kasbatsidiabdellahbenmbarek
????? ?????;Oulad Gouaouch;18.6;ouledgouaouch
?????;Guettaya;18.6;guettaya
??????;Matmata;18.6;matmata
??? ?????;Ait Boufoulen;18.6;aitboufoulen
??????;Taghjijt;18.6;taghjijt
????? ?????;Oulad Mtaa;18.6;ouledmtaa
????????;Mohammadia;18.5;mohammadia
?? ?????? ?? ??? ???????;Si Hsaien Ben Abderrahmane;18.5;sihsaienbenabderrahmane
???????;Boujniba;18.5;boujniba
???????;El Ksiba;18.5;elksiba
????????;Zrarda;18.5;zrarda
????;Oujda;18.5;oujda
?????;Gafait;18.5;gafait
????;Aguerd;18.5;aguerd
???? ??? ??????;Sidi Abdelmoumen;18.5;sidiabdelmoumen
??????;Tioughza;18.5;tioughza
?????;Lamssid;18.4;lamssid
???? ???????;Sidi El Rhandour;18.4;sidielrhandour
????????;Timoulilt;18.4;timoulilt
????? ?????;Zaouiat Cheikh;18.4;zaouiatcheikh
??????;Temsamane;18.4;temsamane
?????;Aghbal;18.4;aghbal
??????;Mestegmer;18.4;mestegmer
??? ?????;Ras Asfour;18.4;rasasfour
???? ??? ??????;Sidi Abdeljalil;18.4;sidiabdeljalil
????;Takate;18.4;takate
????;Fask;18.4;fask
??? ????;Ain Orma;18.3;ainorma
??? ??????;Bni Boufrah;18.3;bniboufrah
???????;Taifa;18.3;taifa
????????;Chouihia;18.3;chouihia
???????;Naima;18.3;naima
???? ???? ??????;Sidi Ahmed Essayeh;18.3;sidiahmedessayeh
??????;Bouabout;18.3;bouabout
??????;Bounrar;18.3;bounrar
????;Mesti;18.3;mesti
?????;Azrar;18.3;azrar
?????;Sbata;18.2;sbata
???? ??? ??????;Jemaat Moul Blad;18.2;jemaatmoulblad
??? ???;Bni Quolla;18.2;bniquolla
????? ?????;Moulay Bouchta;18.2;moulaybouchta
??????;M'hajer;18.2;mhajer
????????;Tafraouten;18.2;tafraouten
???? ??? ???? ?? ?????;Sidi Abdellah Ou Belaid;18.2;sidiabdellahoubelaid
????;Ghassate;18.2;ghassate
?????;Aoufous;18.2;aoufous
??????;Masmouda;18.1;masmouda
????????;Sfassif;18.1;sfassif
?????;Khalfia;18.1;khalfia
??? ???????;Bin El Ouidane;18.1;binelouidane
??? ????;Bni Bataou;18.1;bnibataou
????;Madagh;18.1;madagh
??? ????;Ait Said;18.1;aitsaid
???? ?????;Imi-N'tlit;18.1;imintlit
???????;Ichamraren;18.1;ichamraren
????;Tiout;18.1;tiout
?????;Tizguine;18.1;tizguine
??????;Amghras;18.1;amghras
???????;Taouyalte;18.1;taouyalte
??????;Askaouen;18.1;askaouen
??? ?????;Akka-Ighane;18.1;akkaighane
??????;Tsaft;18.0;tsaft
??????;Timlilt;18.0;timlilt
??? ?????;Ait Erkha;18.0;aiterkha
???????;Zagmouzen;18.0;zagmouzen
????;Siroua;18.0;siroua
??????;Ouisselsate;18.0;ouisselsate
??????;M'garto;17.9;mgarto
???????;Rommani;17.9;rommani
??? ????;Bir Mezoui;17.9;birmezoui
???????;Chougrane;17.9;chougrane
????????;Bhalil;17.9;bhalil
???????;Smia;17.9;smia
???????;Lahsinate;17.9;lahsinate
????????;Timezgadiouine;17.9;timezgadiouine
??????;Argana;17.9;argana
??? ????;Bni Arouss;17.8;bniarouss
????? ????;Ouled Cebbah;17.8;ouledcebbah
???? ?????;Ribate El Kheir;17.8;ribateelkheir
??????;Taghazout;17.8;taghazout
????? ??????;Toudgha El Oulia;17.8;toudghaeloulia
??? ??????;Bab Lamrissa;17.7;bablamrissa
???? ????;Sidi Kacem;17.7;sidikacem
????? ?????;Moulay Bouazza;17.7;moulaybouazza
??????;Tachraft;17.7;tachraft
??? ?????;Bejaad;17.7;bejaad
??? ?????;Ait Ishaq;17.7;aitishaq
???????;Iaazzanene;17.7;iaazzanene
??? ?????;Ain Leuh;17.7;ainleuh
???????;Boughriba;17.7;boughriba
???????;Laatamna;17.7;laatamna
???? ????;Sidi Ghaneme;17.7;sidighaneme
???????;Chbika;17.6;chbika
?? ?????;Ben Maachou;17.6;benmaachou
??????;Mzoura;17.6;mzoura
??? ??? ???;Sebt Ait Rahou;17.6;sebtaitrahou
????;Hattane;17.6;hattane
????;Semguet;17.6;semguet
???? ?????;Sidi Bousber;17.6;sidibousber
??????;Brarha;17.6;brarha
??? ?????;Bni Frassen;17.6;bnifrassen
???????;Jbarna;17.6;jbarna
??? ????;Bni Chiker;17.6;bnichiker
?????;Tahla;17.6;tahla
??? ??????;Ait Saghrouchen;17.6;aitsaghrouchen
?????;Asrir;17.6;asrir
?????? ????;Agadir Melloul;17.6;agadirmelloul
???????;Souani;17.5;souani
????????;El Youssoufia;17.5;elyoussoufia
??? ??????;Ait Belkacem;17.5;aitbelkacem
??? ?????;Ait Siberne;17.5;aitsiberne
?????;Isseksi;17.5;isseksi
???????;Brikcha;17.5;brikcha
?????;Kissane;17.5;kissane
???????;Ourtzarh;17.5;ourtzarh
???????;Imrabten;17.5;imrabten
????;Afsou;17.5;afsou
?????;Azzaba;17.5;azzaba
???????;Tafajight;17.5;tafajight
?????;Rahhala;17.5;rahhala
?????;Aferkat;17.5;aferkat
??????;Imgdal;17.5;imgdal
??????;Tisrasse;17.5;tisrasse
???? ????????;Sidi Bernoussi;17.4;sidibernoussi
????? ?????;Ouled Yaich;17.4;ouledyaich
???? ?????;Sidi Redouane;17.4;sidiredouane
????? ??? ??????;Moulay Abdelkrim;17.4;moulayabdelkrim
???????;El Bibane;17.4;elbibane
????;Galaz;17.4;galaz
???????;Tazarine;17.4;tazarine
??? ????;Ait Bazza;17.4;aitbazza
??????;Bizdad;17.4;bizdad
?????????;Talmakante;17.4;talmakante
??????;Tizounine;17.4;tizounine
???? ????;Sidi Ghanem;17.3;sidighanem
????????;Maadna;17.3;maadna
???????;Ouaouizeght;17.3;ouaouizeght
?????;Ajdir;17.3;ajdir
?????;Irherm;17.3;irherm
??? ??????;Dar Jamaa;17.3;darjamaa
???? ?????;Sidi Badhaj;17.3;sidibadhaj
???? ???????;Oued El Makhazine;17.2;ouedelmakhazine
??? ????;Bni Hilal;17.2;bnihilal
?????;Tamda;17.2;tamda
???? ?????;Sidi Hammadi;17.2;sidihammadi
?????;Senada;17.2;senada
??????;Ouardana;17.2;ouardana
?????;Oualili;17.2;oualili
?????;Meknès;17.2;meknes
??????;Boulemane;17.2;boulemane
??? ????;Bab Boudir;17.2;babboudir
????;Zaio;17.2;zaio
????????;Saidia;17.2;saidia
????;Massa;17.2;massa
??????;Chaibate;17.1;chaibate
????? ????;Oulad Said;17.1;ouledsaid
???? ???? ????;Khemis Sidi Yahya;17.1;khemissidiyahya
??? ????;Ait Ichou;17.1;aitichou
??????;Boukhrisse;17.1;boukhrisse
??? ?????;Bni Zrantel;17.1;bnizrantel
????? ??? ?????;Fennassa Bab El Hit;17.1;fennassababelhit
??? ????;Bni Oulid;17.1;bnioulid
??? ??????;Ain Timguenai;17.1;aintimguenai
??????;El Kbab;17.1;elkbab
????? ??? ????;Oulad Ali Youssef;17.1;ouledaliyoussef
????;Debdou;17.1;debdou
????????;Mzilate;17.1;mzilate
??????;Amgala;17.0;amgala
??? ?????;Aïn-Sebaâ;17.0;ainsebaa
???????;Laamria;17.0;laamria
??? ??????;Ait Ouribel;17.0;aitouribel
??? ?????;Ait Mimoune;17.0;aitmimoune
???????;Bouqachmir;17.0;bouqachmir
??? ?? ?????;Ait Oum El Bekht;17.0;aitoumelbekht
??? ???? ???????;Bni Ounjel Tafraout;17.0;bniounjeltafraout
???????;Al Hoceima;17.0;elhoceima
????;Sefrou;17.0;sefrou
??????;Serghina;17.0;serghina
????;Taza;17.0;taza
?????;Fezouane;17.0;fezouane
????? ????????;Moulay Bouzarqtoune;17.0;moulaybouzarqtoune
??????;Tazemmourt;17.0;tazemmourt
??????;Ijoukak;17.0;ijoukak
?????;Assaki;17.0;assaki
??????;Goulmima;17.0;goulmima
?????? ?????;Moualine El Oued;16.9;moualineeloued
????? ??????;Zaouiat Lakouacem;16.9;zaouiatlakouacem
???? ????;Sidi Jaber;16.9;sidijaber
??? ????;Ait Mazigh;16.9;aitmazigh
?????;Teroual;16.9;teroual
?????;Midar;16.9;midar
??? ?? ?????;Ait Ben Yacoub;16.9;aitbenyacoub
?????? ???????;Meknassa Al Gharbia;16.9;meknassaelgharbia
??? ????;Bni Khaled;16.9;bnikhaled
???? ?????;Ida Ou Guelloul;16.9;idaouguelloul
?????? ??????;Bouabout Amdlane;16.9;bouaboutamdlane
???????;Amskroud;16.9;amskroud
?????;Gueliz;16.9;gueliz
????????;Youssoufia;16.8;youssoufia
??????;Lahouaza;16.8;lahouaza
???????;El Foqra;16.8;elfoqra
???????;Ijermaouas;16.8;ijermaouas
?????;Tamedit;16.8;tamedit
??????-???? ????;El Aioun Sidi Mellouk;16.8;elaiounsidimellouk
?????;Jerada;16.8;jerada
???????;Targante;16.8;targante
??????;Imsouane;16.8;imsouane
??????;Tamaloukte;16.8;tamaloukte
????;Arazane;16.8;arazane
??? ?????;Imi-N'fast;16.8;iminfast
???? ????;Sidi Aissa;16.7;sidiaissa
????;Mettouh;16.7;mettouh
??? ??????;Bni Tsiriss;16.7;bnitsiriss
????? ??????;Oulad Sghir;16.7;ouledsghir
?????;Marchouch;16.7;marchouch
????????;M'fassis;16.7;mfassis
?? ??????;Foum Jemaa;16.7;foumjemaa
????;Tisqi;16.7;tisqi
??????;Afourar;16.7;afourar
??????;Taghzout;16.7;taghzout
??? ?????;Ain Maatouf;16.7;ainmaatouf
???????;Traiba;16.7;traiba
?????? ???????;Meknassa Acharqia;16.7;meknassaacharqia
????? ??? ????;N'zalat Bni Amar;16.7;nzalatbniamar
?????;Itzer;16.7;itzer
???????;Mestferki;16.7;mestferki
??????;Ounagha;16.7;ounagha
???? ????? ???????;Sidi M'hamed Ou Marzouq;16.7;sidimhamedoumarzouq
????????;Tafingoult;16.7;tafingoult
????? ???? ???????;Zaouiat Sidi Ben Hamdoun;16.6;zaouiatsidibenhamdoun
??????;Khouribga;16.6;khouribga
??? ?????;Ait Ouaarda;16.6;aitouaarda
???? ?????;Kasba Tadla;16.6;kasbatadla
??????;Zghira;16.6;zghira
?????;Ajdir;16.6;ajdir
??? ??????;Ain Zohra;16.6;ainzohra
?????? ?????;Aguelmam Azegza;16.6;aguelmamazegza
??????;M'ramer;16.6;mramer
???????;Ezzaouite;16.6;ezzaouite
?????;Iguidi;16.6;iguidi
????? ?????;Ouled Zidane;16.5;ouledzidane
????? ???? ??? ?? ????;Oulad Sidi Ali Ben Youssef;16.5;ouledsidialibenyoussef
??????;Laaounate;16.5;laaounate
?????;Gdana;16.5;gdana
??????;El Menzeh;16.5;elmenzeh
???????;Boulanouare;16.5;boulanouare
????? ????;Ouled Zmam;16.5;ouledzmam
?????;Tabia;16.5;tabia
??????;Bradia;16.5;bradia
???????;Rouached;16.5;rouached
???????;Moqrissat;16.5;moqrissat
??? ??????;Ain Mediouna;16.5;ainmediouna
?????;Bouhlou;16.5;bouhlou
??????;Maghraoua;16.5;maghraoua
????????;Mouarid;16.5;mouarid
???????;Touama;16.5;touama
??? ???????;Ain Chouater;16.5;ainchouater
????;Safi;16.4;safi
??? ????;Aïn-Chock;16.4;ainchock
????;Rima;16.4;rima
????????;Brachoua;16.4;brachoua
????? ???? ?????;Ouled Said Loued;16.4;ouledsaidloued
????;Ouezzane;16.4;ouezzane
????;Azrou;16.4;azrou
?????;Kerrouchen;16.4;kerrouchen
???? ??????-???????;Sidi Slimane Echcharaa;16.4;sidislimaneechcharaa
??????;Guenfouda;16.4;guenfouda
?????;Tamaguert;16.4;tamaguert
????;Tatoft;16.3;tatoft
??? ???;Bni Oual;16.3;bnioual
??????;Khenifra;16.3;khenifra
??? ?????;Oued Ifrane;16.3;ouedifrane
??? ?????;Ain Sfa;16.3;ainsfa
????????;Korimate;16.3;korimate
?? ?????;Fam El Hisn;16.3;famelhisn
??? ?????;Ahl Tifnoute;16.3;ahltifnoute
?????;Telouet;16.3;telouet
??? ????? ???????;Ras El Ain Chaouia;16.2;raselainchaouia
??? ????;Ain Blal;16.2;ainblal
?????;Lagfaf;16.2;lagfaf
???? ??;Oued Zem;16.2;ouedzem
???????;Tifarouine;16.2;tifarouine
?????;M'rirt;16.2;mrirt
??????;Aquermoud;16.2;aquermoud
?????;Tigouga;16.2;tigouga
????;Tlite;16.2;tlite
????;Lahdar;16.1;lahdar
??? ??????;Ain Sbit;16.1;ainsbit
????? ?????;Oulad Ftata;16.1;ouledftata
????? ????;Oulad Azzouz;16.1;ouledazzouz
?????? ?? ????;Fquih Ben Salah;16.1;fquihbensalah
??? ?????;Bni Hadifa;16.1;bnihadifa
??? ???? ????;Ait Youssef Ou Ali;16.1;aityoussefouali
????? ?????;Oulad Amghar;16.1;ouledamghar
???????;El Gouzate;16.1;elgouzate
??? ??????;Bab Marzouka;16.1;babmarzouka
??????;Atouabet;16.1;atouabet
????????;M'khalif;16.1;mkhalif
???? ??????;Sidi Laaroussi;16.1;sidilaaroussi
??? ?????;Ida Ou Moumen;16.1;idaoumoumen
??? ?????;Ahl Ramel;16.1;ahlramel
???? ???? ?? ???;Sidi Youssef Ben Ali;16.1;sidiyoussefbenali
?????;Azgour;16.1;azgour
???? ?????;Tizi N'test;16.1;tizintest
????;Adis;16.1;adis
????? ?????;Aquouass Briech;16.0;aquouassbriech
?????;Ahlaf;16.0;ahlaf
???????;Tabriquet;16.0;tabriquet
????? ????;Oulad Fennane;16.0;ouledfennane
??????;Tazroute;16.0;tazroute
??????;Tazouta;16.0;tazouta
????? ??????;Tidili Mesfioua;16.0;tidilimesfioua
?? ???????;Oum El Guerdane;16.0;oumelguerdane
???????;Lgharbia;15.9;lgharbia
????? ?????;Saniat Berguig;15.9;saniatberguig
????????;Ezzhiliga;15.9;ezzhiliga
????? ?????;Ouled M'hamed;15.9;ouledmhamed
??????;Taounza;15.9;taounza
?????;Ouannana;15.9;ouannana
????;Oudka;15.9;oudka
????? ??????;Rbaa El Fouki;15.9;rbaaelfouki
???????;Trougout;15.9;trougout
?????;Toulal;15.9;toulal
???????;Tigrigra;15.9;tigrigra
?? ??????;Oum Rabia;15.9;oumrabia
?????;Tiouli;15.9;tiouli
?? ?????;Had Dra;15.9;haddra
???? ???? ????????;Sidi Aissa Regragui;15.9;sidiaissaregragui
???;Mejji;15.9;mejji
????????;Talgjount;15.9;talgjount
???? ????;Sidi Ouassay;15.9;sidiouassay
??? ??????;Ida Ou Gailal;15.9;idaougailal
???? ???? ?? ??? ????;Sidi Ahmed Ou Abdallah;15.9;sidiahmedouabdallah
?????;Gmassa;15.9;gmassa
???? ??????;Talat N'yaaqoub;15.9;talatnyaaqoub
??? ????;Ait Zineb;15.9;aitzineb
?? ???????;Had Al Gharbia;15.8;hadelgharbia
???? ?????;Sidi Othmane;15.8;sidiothmane
????? ?? ?????;Oulad Si Bouhya;15.8;ouledsibouhya
???????;Ihaddadene;15.8;ihaddadene
??? ???????;Bni Bouifrour;15.8;bnibouifrour
??? ??????;Ain Chair;15.8;ainchair
??????;Meskala;15.8;meskala
????????;Taouloukoult;15.8;taouloukoult
?????;Anougal;15.8;anougal
??????;Ouazguita;15.8;ouazguita
??? ????;Sour El Aaz;15.8;sourelaaz
???????;Amerzgane;15.8;amerzgane
??????;Iznaguen;15.8;iznaguen
??????;Boukraa;15.7;boukraa
?????;Assilah;15.7;assilah
?????;Ayacha;15.7;ayacha
????;Asjen;15.7;asjen
???????;Boulaouane;15.7;boulaouane
???? ?????;Sidi Mansour;15.7;sidimansour
?????;Jahjouh;15.7;jahjouh
??? ????;Bni Ykhlef;15.7;bniykhlef
??? ????;Ouaoumana;15.7;ouaoumana
???????;Zrizer;15.7;zrizer
???????;Laaouinate;15.7;laaouinate
??? ????;Bni Drar;15.7;bnidrar
???????;Lagdadra;15.7;lagdadra
???? ?????;Assif El Mal;15.7;assifelmal
???? ????;Sidi Ifni;15.7;sidiifni
??????;Touizgui;15.7;touizgui
??????;Amizmiz;15.7;amizmiz
????? ?????;Ouled Salmane;15.6;ouledsalmane
?????;Azemmour;15.6;azemmour
????????;Ziaida;15.6;ziaida
??????;El Gara;15.6;elgara
????? ??? ???????;Oulad Ali Toualaa;15.6;ouledalitoualaa
??? ??????;Ait Ouikhalfen;15.6;aitouikhalfen
??????;Rfala;15.6;rfala
??? ???????;Had Bouhssoussen;15.6;hadbouhssoussen
??? ????;Ait Kamra;15.6;aitkamra
??????? ????????;Gzenaya Al Janoubia;15.6;gzenayaeljanoubia
??????;Msila;15.6;msila
???????;Nador;15.6;nador
???????;Essaouira;15.6;essaouira
?????;Nfifa;15.6;nfifa
????;Ighil;15.6;ighil
????? ???????;Moulay Brahim;15.6;moulaybrahim
??????;Al Kharroub;15.5;elkharroub
??? ???????-???? ???????;Ain Johra-Sidi Boukhalkhal;15.5;ainjohrasidiboukhalkhal
??? ??????;Ain Jemaa;15.5;ainjemaa
??????;Nekkour;15.5;nekkour
????;Lehri;15.5;lehri
??????;Amellagou;15.5;amellagou
??????;Lebkhata;15.5;lebkhata
????? ?? ??????;Zaouiat Ben Hmida;15.5;zaouiatbenhmida
?????;Kechoula;15.5;kechoula
?????;Tafedna;15.5;tafedna
???? ?????;Machraa El Ain;15.5;machraaelain
??????;El Ghiate;15.4;elghiate
????? ??????;Ksar El Kebir;15.4;ksarelkebir
????? ???? ????;Oulad Yahya Louta;15.4;ouledyahyalouta
??? ???????;Oued Naanaa;15.4;ouednaanaa
??? ?????;Bir Ennasr;15.4;birennasr
???? ??????;Sidi Slimane;15.4;sidislimane
????? ????;Ouled Ayad;15.4;ouledayad
??? ?????;Thar Es-Souk;15.4;tharessouk
?????? ???????;Arbaa Taourirt;15.4;arbaataourirt
?? ?????;Ben Taieb;15.4;bentaieb
??????? ??????;Imouzzer Marmoucha;15.4;imouzzermarmoucha
????????;Tighassaline;15.4;tighassaline
?????;Agoudim;15.4;agoudim
??? ?????;Ain Lehjer;15.4;ainlehjer
?????;Toubkal;15.4;toubkal
?????;Khouzama;15.4;khouzama
????? ??????;Toudgha Essoufla;15.4;toudghaessoufla
???????;Laagagcha;15.3;laagagcha
???? ???????;Khmis Ksiba;15.3;khmisksiba
???????;Chbanate;15.3;chbanate
??? ????;Béni Mellal;15.3;benimellal
??????;Bouadel;15.3;bouadel
??? ?????;Ait Saadelli;15.3;aitsaadelli
??????;Tanourdi;15.3;tanourdi
????;Assoul;15.3;assoul
???? ???????;Sidi Boulaalam;15.3;sidiboulaalam
????????;Saidate;15.3;saidate
??? ???????;Ain Tazitounte;15.3;aintazitounte
?????;Aghbar;15.3;aghbar
?????;Tagante;15.3;tagante
?????;Tazart;15.3;tazart
??????;Ouzioua;15.3;ouzioua
?????;Imlil;15.3;imlil
????? ??????;Gheris Es-Soufli;15.3;gherisessoufli
?????? ????? ????;Foqra Oulad Aameur;15.2;foqraouledaameur
????? ????;Oulad M'rah;15.2;ouledmrah
???????;Lakhzazra;15.2;lakhzazra
????????;Kénitra;15.2;kenitra
??? ????;Bni Oukil;15.2;bnioukil
???? ?????;Kasbat Troch;15.2;kasbattroch
????? ??????;Almis Marmoucha;15.2;almismarmoucha
???? ???????;Sidi Boulenouar;15.2;sidiboulenouar
???? ????;Afalla Issen;15.2;afallaissen
????????;Imilmaiss;15.2;imilmaiss
???????;Jouala;15.2;jouala
???? ????;Sidi Rahal;15.2;sidirahal
???? ??????;Ighrem N'ougdal;15.2;ighremnougdal
?????;M'ssici;15.2;mssici
????;Chahda;15.1;chahda
??????;Bouguedra;15.1;bouguedra
?????? ???????;Sahel Chamali;15.1;sahelchamali
???? ??? ??????;Sidi Abdelkrim;15.1;sidiabdelkrim
???? ??????;Sidi Boumehdi;15.1;sidiboumehdi
????? ????? ???????;Oulad Bouali Nouaja;15.1;ouledboualinouaja
???????;Lagnadiz;15.1;lagnadiz
??? ?????;Bni Chegdale;15.1;bnichegdale
???? ???? ?? ???;Sidi Aissa Ben Ali;15.1;sidiaissabenali
????? ????;Ouled Gnaou;15.1;ouledgnaou
??????;Izemmouren;15.1;izemmouren
???????;Mazguitam;15.1;mazguitam
???? ?????;Hassi-Berkane;15.1;hassiberkane
?????? ??????;Aghbalou Aqorar;15.1;aghbalouaqorar
?????;Amouguer;15.1;amouguer
??????;Bsara;15.1;bsara
??? ?????;Ahl Oued Za;15.1;ahlouedza
??????;Idelsane;15.1;idelsane
????;Afra;15.1;afra
??? ?????? ????;Souk Lakhmis Dades;15.1;souklakhmisdades
???;Akka;15.1;akka
?????;Ktaoua;15.1;ktaoua
??????;Labkhati;15.0;labkhati
??????;Lamsabih;15.0;lamsabih
??????;Zaaroura;15.0;zaaroura
??? ????;Ait Malek;15.0;aitmalek
???????;Laghoualem;15.0;laghoualem
??????;Zirara;15.0;zirara
????? ??????;Oulad Boughadi;15.0;ouledboughadi
??????;Krifate;15.0;krifate
????? ???????;Ouled Bourahmoune;15.0;ouledbourahmoune
????? ???? ?? ?????;Moulay Aissa Ben Driss;15.0;moulayaissabendriss
????? ??????;Ouled M'barek;15.0;ouledmbarek
???? ????;Sidi Hcine;15.0;sidihcine
???????;Tafrant;15.0;tafrant
??? ?????;Ras El Oued;15.0;raseloued
??????;Talmest;15.0;talmest
???????;Tafraout;15.0;tafraout
???? ??????;Sidi Ouaaziz;15.0;sidiouaaziz
????? ??????;Ferkla Es-Soufla;15.0;ferklaessoufla
??? ??????;Ait Boudaoud;15.0;aitboudaoud
???????;Lamaachate;14.9;lamaachate
????? ?????;Oulad Sbaita;14.9;ouledsbaita
?????;Lmechrek;14.9;lmechrek
????? ?????;Oulad Massaoud;14.9;ouledmassaoud
?????;Témara;14.9;temara
??? ????-??? ??????;Ain Karma-Oued Rommane;14.9;ainkarmaouedrommane
??????;Oulmes;14.9;oulmes
????? ????;Oulad Aissa;14.9;ouledaissa
??? ???;Bni Lent;14.9;bnilent
???????;Mtalssa;14.9;mtalssa
??? ????;Ait Yaazem;14.9;aityaazem
?????????;El Mariniyine;14.9;elmariniyine
???? ????;Tizi N'ghachou;14.9;tizinghachou
???? ????? ????????;Sidi Bouzid Arragragui;14.9;sidibouzidarragragui
??? ?????;Mirleft;14.9;mirleft
?????;Tissint;14.9;tissint
???????;El Gantour;14.8;elgantour
???????;Boujedyane;14.8;boujedyane
????? ?????;Oulad Hamdane;14.8;ouledhamdane
???? ??? ??????;Sidi Abderrazak;14.8;sidiabderrazak
??? ????;Bni A'yat;14.8;bniainyat
???? ????? ???????;Moha Ou Hammou Zayani;14.8;mohaouhammouzayani
????;Bourd;14.8;bourd
???????;Bouchfaa;14.8;bouchfaa
??? ??? ????;Ain Bni Mathar;14.8;ainbnimathar
???? ????;Sidi Ghanem;14.8;sidighanem
??????;Lamhara;14.8;lamhara
????? ??????;Gheris El Ouloui;14.8;gheriselouloui
??? ????;Sebt Saiss;14.7;sebtsaiss
?? ?????;Khatazakane;14.7;khatazakane
????????;El Gouraani;14.7;elgouraani
???????;Al Manzla;14.7;elmanzla
???? ???????;Mechraa Bel Ksiri;14.7;mechraabelksiri
????? ????;Moulay Rachid;14.7;moulayrachid
????? ???? ??????;Oulad Aamer Tizmarine;14.7;ouledaamertizmarine
???? ??????;M'qam Tolba;14.7;mqamtolba
???? ?????;Sidi Lamine;14.7;sidilamine
????? ????;Oulad Daoud;14.7;ouleddaoud
??????;Tainaste;14.7;tainaste
??? ????;Bni Ftah;14.7;bniftah
???????;Tiztoutine;14.7;tiztoutine
???????;El Orjane;14.7;elorjane
?? ????;Ben Khlil;14.7;benkhlil
?????;Tinzart;14.7;tinzart
????? ???;Oulad Abbou;14.6;ouledabbou
??? ??????;Ras Ijerri;14.6;rasijerri
??????;Aguelmous;14.6;aguelmous
??? ?????;Ain Beida;14.6;ainbeida
??????;Al Aaroui;14.6;elaaroui
???? ???? ?? ????;Sidi Youssef Ben Ahmed;14.6;sidiyoussefbenahmed
????? ???????;Ghiata Al Gharbia;14.6;ghiataelgharbia
???? ????;Ida Ou Aazza;14.6;idaouaazza
??????;Tansifte;14.6;tansifte
?????;Er-Rteb;14.6;errteb
???????;Es-Sfalat;14.6;essfalat
???? ??????;Oued Naam;14.6;ouednaam
??????;Shoul;14.5;shoul
?????;Tétouan;14.5;tetouan
????;Zoumi;14.5;zoumi
????;Louta;14.5;louta
????? ??????;Oulad Bourima;14.5;ouledbourima
??????;El Hajeb;14.5;elhajeb
????? ??????;Oulad Chrif;14.5;ouledchrif
??????;Tancherfi;14.5;tancherfi
???????;Irohalen;14.5;irohalen
?????;Tanant;14.5;tanant
????????;Afella N'dra;14.5;afellandra
??????;Mezguita;14.5;mezguita
??? ??????;Moul El Bergui;14.4;moulelbergui
?? ????;Ben Ahmed;14.4;benahmed
????? ????;Oulad Amer;14.4;ouledamer
????? ???? ?????;Oulad Fares El Halla;14.4;ouledfareselhalla
?????;Naour;14.4;naour
??? ????;Bni Snous;14.4;bnisnous
?????;Aknoul;14.4;aknoul
??? ?????;Bni Ansar;14.4;bniansar
????;Saiss;14.4;saiss
?? ????;Ben Smim;14.4;bensmim
??? ??????;Oued Jemaa;14.4;ouedjemaa
??? ????;Ain Legdah;14.4;ainlegdah
??????;Aghbala;14.4;aghbala
?????;Midelt;14.4;midelt
???? ?????;Sidi Boutayeb;14.4;sidiboutayeb
???? ????;Sidi Lahsen;14.4;sidilahsen
???????;El Hanchane;14.4;elhanchane
????????;Taroudannt;14.4;taroudannt
????? ????;Louad Lakhdar;14.4;louadlakhdar
?????;Aousserd;14.3;aousserd
???;Nagga;14.3;nagga
??????;Mrizigue;14.3;mrizigue
????????;Errafiaya;14.3;errafiaya
?????;Tiflet;14.3;tiflet
??? ??????;Had Boumoussa;14.3;hadboumoussa
?????;Tabouda;14.3;tabouda
???????;Lamjaara;14.3;lamjaara
???? ???? ??? ?????;Sidi Yahia Bni Zeroual;14.3;sidiyahiabnizeroual
?????????;Mrhassiyine;14.3;mrhassiyine
?????;Ifrane;14.3;ifrane
??????;Galdamane;14.3;galdamane
???? ????-??????;Sidi Moussa Lemhaya;14.3;sidimoussalemhaya
????? ??????;Oulad M'rabet;14.3;ouledmrabet
????? ?????;Oulad Moumna;14.3;ouledmoumna
????? ???;Oulad Dahou;14.3;ouleddahou
???????;Lagfifat;14.3;lagfifat
??????;Ouirgane;14.3;ouirgane
??? ????? ????? ??????;Ait Sedrate Jebel Soufla;14.3;aitsedratejebelsoufla
??? ?? ????;Dar Si Aissa;14.2;darsiaissa
???? ??? ????;Koudiat Bni Dghough;14.2;koudiatbnidghough
????????;Benslimane;14.2;benslimane
????????;Braksa;14.2;braksa
????? ????;Ouled Youssef;14.2;ouledyoussef
??? ???????;Melg El Ouidane;14.2;melgelouidane
???????;Taourirt;14.2;taourirt
?????;Abadou;14.2;abadou
????;Tifni;14.2;tifni
??????;Bouhmame;14.1;bouhmame
??? ??????;Dar Chaoui;14.1;darchaoui
??? ????;Bni Harchen;14.1;bniharchen
??? ????;Had Kourt;14.1;hadkourt
????????;Laghnimyine;14.1;laghnimyine
??? ????;Bni Khloug;14.1;bnikhloug
????;Mniaa;14.1;mniaa
??????;Belyounech;14.1;belyounech
??? ???????;Ain Dfali;14.1;aindfali
??????;Mezraoua;14.1;mezraoua
??? ????;Sabaa Aiyoun;14.1;sabaaaiyoun
???? ??????;Sidi El Makhfi;14.1;sidielmakhfi
???? ??????;Outabouabane;14.1;outabouabane
????????;Lakhnafif;14.1;lakhnafif
??????;Abaynou;14.1;abaynou
??? ???????;Lalla Takarkoust;14.1;lallatakarkoust
????? ???????;Zemrane Charqia;14.1;zemranecharqia
??????;Toundoute;14.1;toundoute
?? ????;Foum Zguid;14.1;foumzguid
????????;Laghnadra;14.0;laghnadra
???? ???? ?? ????;Sidi Mohammed Ben Rahal;14.0;sidimohammedbenrahal
???? ???????;Sidi El Aidi;14.0;sidielaidi
????;Guisser;14.0;guisser
??????;Meskoura;14.0;meskoura
??? ?? ???????;Dar Oum Soltane;14.0;daroumsoltane
???? ??????;Majmaa Tolba;14.0;majmaatolba
????? ????;Ouled Nacer;14.0;oulednacer
??? ????;Bni Hassane;14.0;bnihassane
??????;Agourai;14.0;agourai
???? ???? ??????;Sidi Yahya Ou Saad;14.0;sidiyahyaousaad
??? ????;Ait Yahya;14.0;aityahya
??????;Tiznit;14.0;tiznit
?????? ?????;Laqsabi Tagoust;14.0;laqsabitagoust
????;Haouza;14.0;haouza
????? ??? ?????;Skoura Ahl El Oust;14.0;skouraahleloust
??? ???;Ait Youl;14.0;aityoul
?????;Tah;13.9;tah
????????;El Hagounia;13.9;elhagounia
???????;El Jadida;13.9;eljadida
???? ????? ?????;Sidi M'hamed Akhdim;13.9;sidimhamedakhdim
??? ??????;Bir Taleb;13.9;birtaleb
???? ??????;Hay-Hassani;13.9;hayhassani
?????;Mellila;13.9;mellila
??? ???;Ait Hammou;13.9;aithammou
??? ?????;Bab Tiouka;13.9;babtiouka
??? ??? ?????;Dar Ould Zidouh;13.9;darouldzidouh
??? ???????;Dir El Ksiba;13.9;direlksiba
???????;Rhouazi;13.9;rhouazi
????? ??????;Oulad Zbair;13.9;ouledzbair
?????;Enjil;13.9;enjil
????;Riah;13.8;riah
????;Settat;13.8;settat
???? ??????;Sidi Dahbi;13.8;sididahbi
????? ?????;Oulad Msabbel;13.8;ouledmsabbel
??????;Eddachra;13.8;eddachra
?? ???;Oumazza;13.8;oumazza
?????;Zaggota;13.8;zaggota
??? ?????;Ait Naamane;13.8;aitnaamane
?????;Ouizeght;13.8;ouizeght
??????;M'zouda;13.8;mzouda
??????;Adassil;13.8;adassil
??? ????;Bni Garfett;13.7;bnigarfett
????? ??? ??????;Moulay Abdelkader;13.7;moulayabdelkader
???? ???? ?? ???;Sidi Moussa Ben Ali;13.7;sidimoussabenali
??? ???????-?????;Ain Dorbane-Lahlaf;13.7;aindorbanelahlaf
????? ????? ?????;Oulad Bouali Loued;13.7;ouledboualiloued
????????;Tamchachate;13.7;tamchachate
??? ????? ????? ?????;Souk Sebt Ouled Nemma;13.7;souksebtoulednemma
??????;Tanougha;13.7;tanougha
??? ?????;Bni Tadjite;13.7;bnitadjite
?????? ??????;Timzguida-Ouftas;13.7;timzguidaouftas
???????;Laamamra;13.7;laamamra
?????;Tidili;13.7;tidili
??? ?????;Ait Majden;13.7;aitmajden
????? ?????;Oulad Amrane;13.6;ouledamrane
???????;Larache;13.6;larache
?????;Jaqma;13.6;jaqma
?????????;Lambarkiyne;13.6;lambarkiyne
??????;Fdalate;13.6;fdalate
??????;El Borouj;13.6;elborouj
??? ????;Ait Yadine;13.6;aityadine
???????;Jbabra;13.6;jbabra
??????;Imzouren;13.6;imzouren
??? ??????;Bni Bouayach;13.6;bnibouayach
????? ?????;Moulay Yacoub;13.6;moulayyacoub
??????;M'zizel;13.6;mzizel
???? ?????;Sidi Ishaq;13.6;sidiishaq
?????;Smimou;13.6;smimou
??? ????;Ait Baha;13.6;aitbaha
??????;Lamhadi;13.6;lamhadi
??? ?????;Ait Imour;13.6;aitimour
????? ????;Oulad Aarrad;13.6;ouledaarrad
????????;Laatamna;13.6;laatamna
?????;Ouargui;13.6;ouargui
?????;Zerkten;13.6;zerkten
??? ?????;Jbel Lahbib;13.5;jbellahbib
???? ???? ??????;Sidi Ahmed Benaissa;13.5;sidiahmedbenaissa
???? ?????;Sidi El Mekki;13.5;sidielmekki
???? ??? ???????;Sidi Ali Labrahla;13.5;sidialilabrahla
???? ????????;Kelâat Sraghna;13.5;kelaatsraghna
???????;Laqraqra;13.5;laqraqra
???????;Chtaiba;13.5;chtaiba
????? ?? ?????;Ouled Ben Hammadi;13.5;ouledbenhammadi
????;Tekna;13.5;tekna
???????;Laanoussar;13.5;laanoussar
??????;Tounfite;13.5;tounfite
??????;Amersid;13.5;amersid
?????;Barkine;13.5;barkine
??? ?????;Ahl Angad;13.5;ahlangad
??????;Freija;13.5;freija
?????;Alnif;13.5;alnif
???? ????;Jamaat Shaim;13.4;jamaatshaim
?????;Bouchane;13.4;bouchane
?????;Laghdir;13.4;laghdir
??? ???????;Oued Jdida;13.4;ouedjdida
??????? ????;Immouzzer-Kandar;13.4;immouzzerkandar
???? ?????;Sidi Harazem;13.4;sidiharazem
???;Guir;13.4;guir
??????;Tafetachte;13.4;tafetachte
???? ????? ????;Sidi M'hamed Dalil;13.4;sidimhameddalil
??????;Agadir;13.4;agadir
?????? ???????;El Koudia El Beida;13.4;elkoudiaelbeida
??? ????;Ait Igas;13.4;aitigas
???????;Lakhsas;13.4;lakhsas
???? ?????;Sidi Boubker;13.4;sidiboubker
?????? ????;Boumalne-Dades;13.4;boumalnedades
??? ????? ???????;Bni M'hamed-Sijelmassa;13.4;bnimhamedsijelmassa
???????;Saadla;13.3;saadla
??????;Sahel;13.3;sahel
??? ????????;Souk El Arbaa;13.3;soukelarbaa
?????? ????????;Mzamza Janoubia;13.3;mzamzajanoubia
???????;Bouguargouh;13.3;bouguargouh
????? ????;Oulad Fares;13.3;ouledfares
???? ????;Sidi Moussa;13.3;sidimoussa
???????;El Ganzra;13.3;elganzra
???? ??????;Sidi Mokhfi;13.3;sidimokhfi
???????;Outerbat;13.3;outerbat
??? ????;Ait Izdeg;13.3;aitizdeg
???????-?????;Ksabi-Moulouya;13.3;ksabimoulouya
??????;Bouarfa;13.3;bouarfa
??? ????;Ait Hadi;13.3;aithadi
?????;Tamri;13.3;tamri
?????;Eddir;13.3;eddir
???;Issen;13.3;issen
??????;Tilemzoun;13.3;tilemzoun
??????;Fraita;13.3;fraita
?????;Jorf;13.3;jorf
???? ??? ????;Sidi Abdellah;13.2;sidiabdellah
????? ????;Oulad Aamer;13.2;ouledaamer
??? ??;Oued Laou;13.2;ouedlaou
????;Fifi;13.2;fifi
??????;Bouchabel;13.2;bouchabel
???? ??????;Sidi El Abed;13.2;sidielabed
??????;Bouarouss;13.2;bouarouss
???? ?????? ??? ???????;Sidi Slimane Moul Al Kifane;13.2;sidislimanemoulelkifane
??? ???????;Ain Taoujdate;13.2;aintaoujdate
??????;Loulja;13.2;loulja
?????;Messassa;13.2;messassa
??? ?????;Ouad Amlil;13.2;ouadamlil
?????;Tamanar;13.2;tamanar
????? ????;Ouled Dlim;13.2;ouleddlim
????????;Jbilate;13.2;jbilate
???????;Ménara;13.2;menara
?????;Aoulouz;13.2;aoulouz
??????;N'kob;13.2;nkob
??? ??????;Ait El Farsi;13.2;aitelfarsi
????;Melaab;13.2;melaab
???? ??????;Sidi Lyamani;13.1;sidilyamani
???????;Bouznika;13.1;bouznika
???? ?? ???;Machraa Ben Abbou;13.1;machraabenabbou
??? ??????;Ait Taleb;13.1;aittaleb
???? ????????;Skhour Rhamna;13.1;skhourrhamna
??????;Chefchaouen;13.1;chefchaouen
???? ??????;Sidi Boutmim;13.1;sidiboutmim
????????;El Bsabsa;13.1;elbsabsa
?????;Selouane;13.1;selouane
??????;Charqaoua;13.1;charqaoua
?????;Er-Rich;13.1;errich
???? ?????;Sidi Borja;13.1;sidiborja
??? ???? ????;Ait Sidi Daoud;13.1;aitsididaoud
??? ???;Bouya Omar;13.1;bouyaomar
??? ?????;Ait Ouassif;13.1;aitouassif
??? ????? ????? ???????;Ait Sedrate Sahl Charkia;13.1;aitsedratesahlcharkia
??????;Allougoum;13.1;allougoum
???????;Tagounite;13.1;tagounite
?????;Tinghir;13.1;tinghir
????;Fezna;13.1;fezna
???? ??????;Sidi Ettiji;13.0;sidiettiji
???????;Esbiaat;13.0;esbiaat
????;Charrate;13.0;charrate
????? ???;Ouled Frej;13.0;ouledfrej
???????;Toualet;13.0;toualet
????????;El Aamria;13.0;elaamria
??????;Taouzint;13.0;taouzint
????;Hssaine;13.0;hssaine
??????;Bouhouda;13.0;bouhouda
????? ???? ??? ??????;Zaouiat Sidi Abdelkader;13.0;zaouiatsidiabdelkader
??????;Assebbab;13.0;assebbab
???????;Talsint;13.0;talsint
????;Igli;13.0;igli
?????;Demnate;13.0;demnate
????? ???? ???;Taghzoute N'ait Atta;13.0;taghzoutenaitatta
????;Mogress;12.9;mogress
????????;Echemmaia;12.9;echemmaia
????????;Al Haouafate;12.9;elhaouafate
???? ????;Sidi Bennour;12.9;sidibennour
??????;Jabria;12.9;jabria
????????;Sgamna;12.9;sgamna
???? ???? ??????;Sidi Ahmed El Khadir;12.9;sidiahmedelkhadir
??? ??? ??????;Ait Ali Ou Lahcen;12.9;aitalioulahcen
?????;Al Oued;12.9;eloued
???? ?????;Kalaat Bouqorra;12.9;kalaatbouqorra
???? ????? ?????;Sidi Haj M'hamed;12.9;sidihajmhamed
??? ?????;Bni Gmil;12.9;bnigmil
??? ???????;Ait Bourzouine;12.9;aitbourzouine
?????;Boumia;12.9;boumia
??? ????;Ait Ayach;12.9;aitayach
?????;Taddart;12.9;taddart
????;Majjat;12.9;majjat
???????;Tamazouzte;12.9;tamazouzte
???? ???? ?? ??????;Sidi Aissa Ben Slimane;12.9;sidiaissabenslimane
???? ??? ??????;Sidi Abdelkhaleq;12.8;sidiabdelkhaleq
???????;Lakhoualqa;12.8;lakhoualqa
??????;N'khila;12.8;nkhila
????? ?????;Oulad Yaacoub;12.8;ouledyaacoub
??? ????;Ait Taguella;12.8;aittaguella
???????;Lamrabih;12.8;lamrabih
??? ???? ???????;Bni Ahmed Cherqia;12.8;bniahmedcherqia
?????;Chakrane;12.8;chakrane
???????;Driouch;12.8;driouch
??? ??? ????;Ait Harz Allah;12.8;aitharzallah
???? ????? ?? ????;Sidi M'hamed Ben Lahcen;12.8;sidimhamedbenlahcen
???????;Mibladen;12.8;mibladen
??? ?????;Ras Laksar;12.8;raslaksar
??? ?????;Ait Daoud;12.8;aitdaoud
?????;Ghmate;12.8;ghmate
?????;Dzouz;12.8;dzouz
??????;Taliouine;12.8;taliouine
??? ????? ????? ??????;Ait Sedrate Jbel El Oulia;12.8;aitsedratejbeleloulia
??????? ???????;M'hamid El Ghizlane;12.8;mhamidelghizlane
?????? ???????;Aghbalou-N'kerdous;12.8;aghbalounkerdous
????? ??????;Ferkla El Oulia;12.8;ferklaeloulia
??????;Tinejdad;12.8;tinejdad
??????;Jraifia;12.7;jraifia
???????;Lamrasla;12.7;lamrasla
?????;Kridid;12.7;kridid
???????;Atiamim;12.7;atiamim
???? ????? ?????;Sidi M'hamed Chelh;12.7;sidimhamedchelh
?? ????;Foum Oudi;12.7;foumoudi
??? ????;Ain Lahsan;12.7;ainlahsan
??? ?????;Ain Aicha;12.7;ainaicha
???????;Boufakrane;12.7;boufakrane
????? ????;Oulad Ayyad;12.7;ouledayyad
????;Guigou;12.7;guigou
??????;Boumerieme;12.7;boumerieme
?????;Gourrama;12.7;gourrama
???????;Tendrara;12.7;tendrara
??????;Inezgane;12.7;inezgane
???? ???? ?? ???;Sidi Ahmed Ou Amar;12.7;sidiahmedouamar
??????? ???????;Igoudar Mnabha;12.7;igoudarmnabha
??????;Annakhil;12.7;annakhil
??????;Tlauh;12.7;tlauh
????????;Iguerferouane;12.7;iguerferouane
??????;Boudnib;12.7;boudnib
????? ????;Zaouiat Saiss;12.6;zaouiatsaiss
???????;Lahsasna;12.6;lahsasna
???????;Laatatra;12.6;laatatra
????? ??????;Skoura Lhadra;12.6;skouralhadra
??????;Boumaiz;12.6;boumaiz
??? ?? ????;Ait Ouqabli;12.6;aitouqabli
??????;Taghramt;12.6;taghramt
????;Bitit;12.6;bitit
??? ???????;Guers Tiaallaline;12.6;guerstiaallaline
??????;Lamrija;12.6;lamrija
???????;Tamegroute;12.6;tamegroute
??? ?????? ?????;Souk Tlet El Gharb;12.5;souktletelgharb
???? ?? ????;Kariat Ben Aouda;12.5;kariatbenaouda
???? ????;Sidi Azzouz;12.5;sidiazzouz
?????????;El Mansouria;12.5;elmansouria
????????;M'nabha;12.5;mnabha
????? ???? ????;Oulad Hassoune Hamri;12.5;ouledhassounehamri
????? ?????;Oulad Imloul;12.5;ouledimloul
???????;Lounasda;12.5;lounasda
????? ?????;Oulad El Garne;12.5;ouledelgarne
???? ???? ?????;Sidi Yahia El Gharb;12.5;sidiyahiaelgharb
????? ?????;Oulad Abdoune;12.5;ouledabdoune
??????;Ratba;12.5;ratba
?????;Selfat;12.5;selfat
????? ????;Oulad Settout;12.5;ouledsettout
???????? ????????;Laattaouia Ech-Chaibia;12.5;laattaouiaechchaibia
???? ??????;Tidili Fetouaka;12.5;tidilifetouaka
??????;Tighedouine;12.5;tighedouine
???????;Tazarine;12.5;tazarine
????;Jdour;12.4;jdour
????? ????;Oulad Nouel;12.4;oulednouel
???? ???? ??????;Sidi Rahal Chatai;12.4;sidirahalchatai
??? ???????;Dar Chaffai;12.4;darchaffai
?????;Jbiel;12.4;jbiel
?? ??????;Foum El Anceur;12.4;foumelanceur
?????????;Mallalienne;12.4;mallalienne
????? ?????;Oulad Mimoun;12.4;ouledmimoun
?????;Tizguite;12.4;tizguite
????? ?????;Outat El Haj;12.4;outatelhaj
?????;Guercif;12.4;guercif
???????;Douirane;12.4;douirane
?????;Bourrous;12.4;bourrous
????? ????;Oulad Hassoune;12.4;ouledhassoune
?????;Akarma;12.4;akarma
????;Tilmi;12.4;tilmi
????? ??????;Oulad Freiha;12.3;ouledfreiha
??????;Taounate;12.3;taounate
??????;Ouislane;12.3;ouislane
???? ???? ?????;Sidi Yahia Ou Youssef;12.3;sidiyahiaouyoussef
???????;Ermila;12.3;ermila
????? ????? ???;Houara Oulad Raho;12.3;houaraouledraho
???? ???????;Sid L'mokhtar;12.3;sidlmokhtar
????? ????;Oulad Aissa;12.3;ouledaissa
?????;Guelmim;12.3;guelmim
??? ??????;Sid Zouine;12.3;sidzouine
????;Asni;12.3;asni
????????;Jaidate;12.3;jaidate
?????;Zemrane;12.3;zemrane
????? ????;Oulad Khallouf;12.3;ouledkhallouf
????? ???????;Tamda Noumercid;12.3;tamdanoumercid
??? ????;Ait Hani;12.3;aithani
?????;Hrara;12.2;hrara
???? ???????;Sidi Smail;12.2;sidismail
????? ?????;Oulad Rahmoune;12.2;ouledrahmoune
???? ????;Sidi Moumen;12.2;sidimoumen
????????;Labrikiyne;12.2;labrikiyne
??? ???;Bni Leit;12.2;bnileit
??? ?????;Bni Ammart;12.2;bniammart
???? ??????;Sidi Bouzineb;12.2;sidibouzineb
??? ????????;Ait Boubidmane;12.2;aitboubidmane
??? ???????;Ain Bida;12.2;ainbida
??????;Bou-Azmou;12.2;bouazmou
????;Zegzel;12.2;zegzel
????? ???? ??????;Zaouia Sidi Tahar;12.2;zaouiasiditahar
??? ??? ????????;Ras Ain Rhamna;12.2;rasainrhamna
???????;Assahrij;12.2;assahrij
??? ??????;Imi-N'oulaoune;12.2;iminoulaoune
???? ????;Sidi Hajjaj;12.1;sidihajjaj
????? ??????;Oulad Cherki;12.1;ouledcherki
???? ????;Sidi Bettache;12.1;sidibettache
????? ?????;Agoudi N'lkhair;12.1;agoudinlkhair
??????;Imilchil;12.1;imilchil
??? ??????;Souk Kdim;12.1;soukkdim
??????;Bghaghza;12.1;bghaghza
??? ?????;Souk L'qolla;12.1;souklqolla
?????;Iqaddar;12.1;iqaddar
??????;Timahdite;12.1;timahdite
??????? ????????;Dcheira El Jihadia;12.1;dcheiraeljihadia
????;Anzou;12.1;anzou
??? ????? ????? ???????;Ait Sedrate Sahl El-Gharbia;12.1;aitsedratesahlelgharbia
???????;Taftechna;12.1;taftechna
????;H'ssyia;12.1;hssyia
????????;Errachidia;12.1;errachidia
????? ?????;Chorfa M'daghra;12.1;chorfamdaghra
??????;Taghbalte;12.1;taghbalte
???????;Nouirate;12.0;nouirate
?????;Allyene;12.0;allyene
????? ??? ?????;Oulad Ali Mansour;12.0;ouledalimansour
?????;M'tioua;12.0;mtioua
????????;Khlalfa;12.0;khlalfa
?????;Laqsir;12.0;laqsir
??? ????? ?????;Ait Sebaa Lajrouf;12.0;aitsebaalajrouf
????? ????;Aouint Lahna;12.0;aouintlahna
????;Tata;12.0;tata
??? ??????;Souk Tolba;11.9;souktolba
??????? ??????;Lamharza Essahel;11.9;lamharzaessahel
??? ??????;M'zem Sanhaja;11.9;mzemsanhaja
?????;Azghar;11.9;azghar
??????;Tabaroucht;11.9;tabaroucht
???? ?????;Tizi N'isly;11.9;tizinisly
???? ?? ????;Karia Ba Mohamed;11.9;kariabamohamed
???????;Timezgana;11.9;timezgana
??? ?????;Ain Bou Ali;11.9;ainbouali
??????;Aghbalou;11.9;aghbalou
????? ???? ????;Zaouiat Sidi Hamza;11.9;zaouiatsidihamza
???????;En-Nzala;11.9;ennzala
????? ?????;Ouled M'hamed;11.9;ouledmhamed
??? ?????;Lalla Aaziza;11.9;lallaaaziza
??? ?????;Ras El Ain;11.8;raselain
???? ??? ?? ?????;Sidi Ali Ben Hamdouche;11.8;sidialibenhamdouche
?????;Chtouka;11.8;chtouka
?????? ????? ?????;Sahel Oulad H'riz;11.8;sahelouledhriz
???????;Tilougguite;11.8;tilougguite
???????;Louadaine;11.8;louadaine
?????;Ighoud;11.8;ighoud
????????;Loudaya;11.8;loudaya
???????;Aghouatim;11.8;aghouatim
?????;Lkheng;11.8;lkheng
???? ???? ?????;Aarab Sebbah Gheris;11.8;aarabsebbahgheris
??????;Es-Sifa;11.8;essifa
??????;Zmamra;11.7;zmamra
???? ?? ????;Kasbat Ben Mchich;11.7;kasbatbenmchich
?????;Loulad;11.7;loulad
????;Mayate;11.7;mayate
???? ??????;Sidi El Hattab;11.7;sidielhattab
??? ???? ???????;Bni Ahmed Gharbia;11.7;bniahmedgharbia
??? ??????;Bni Bounsar;11.7;bnibounsar
??? ????;Bni Mathar;11.7;bnimathar
????????;Imintanoute;11.7;imintanoute
???????;El Guerdane;11.7;elguerdane
????? ?????;Aouint Yghomane;11.7;aouintyghomane
?????;Msied;11.7;msied
???????;Choara;11.7;choara
????? ???? ??????;Oulad Yahia Lagraire;11.7;ouledyahialagraire
????? ????;Ouled Ghanem;11.6;ouledghanem
???? ???? ??????;Sidi Ameur Al Hadi;11.6;sidiameurelhadi
?????;Lamharra;11.6;lamharra
??? ????;Ait Ouallal;11.6;aitouallal
???????;Zinat;11.6;zinat
?????;Tanaqoub;11.6;tanaqoub
??????;Taoughilt;11.6;taoughilt
?????;Rhafsai;11.6;rhafsai
?????;Bouarg;11.6;bouarg
?????;Anemzi;11.6;anemzi
???? ?????;Sidi Yacoub;11.6;sidiyacoub
??? ?????;Sti Fadma;11.6;stifadma
??? ?????;Ait Tamlil;11.6;aittamlil
???? ?????;Kalâat M'gouna;11.6;kalaatmgouna
??????;Tamezmoute;11.6;tamezmoute
???????;El Beddouza;11.5;elbeddouza
???????;Médina;11.5;medina
???????;Souaken;11.5;souaken
???????;El Marbouh;11.5;elmarbouh
??????;Tagleft;11.5;tagleft
??? ??? ????;Dar Bni Karrich;11.5;darbnikarrich
????????;Derdara;11.5;derdara
??? ???? ???????;Bni Gmil Maksouline;11.5;bnigmilmaksouline
?????;Zaida;11.5;zaida
???????;Bouyablane;11.5;bouyablane
?????;Imider;11.5;imider
????????;Loualidia;11.4;loualidia
????;Ayir;11.4;ayir
????? ????;Oulad Aissa;11.4;ouledaissa
????????;Khnichet;11.4;khnichet
????????;Skhirate;11.4;skhirate
????? ????;Oulad Sbih;11.4;ouledsbih
??????;Azilal;11.4;azilal
????????;Mkansa;11.4;mkansa
??? ???? ????? ?????;Bni Oukil Oulad M'hand;11.4;bnioukilouledmhand
??? ??????;Ain Cheggag;11.4;aincheggag
????? ?????;Ouled Ghziyel;11.4;ouledghziyel
?????;Mrija;11.4;mrija
?????;Aourir;11.4;aourir
?????;Agafay;11.4;agafay
??????;Tamallalt;11.4;tamallalt
??? ?????;Ait Faska;11.4;aitfaska
???????;Bouzeroual;11.4;bouzeroual
??????;Fezouata;11.4;fezouata
?????? ????????;Rissana Chamalia;11.3;rissanachamalia
??????;Laghdira;11.3;laghdira
???????;Nouaceur;11.3;nouaceur
?????;Berrechid;11.3;berrechid
?????;Tizgane;11.3;tizgane
?????;Amtar;11.3;amtar
???????;Targuist;11.3;targuist
??????;Bouanane;11.3;bouanane
???? ??????;Sidi Boumoussa;11.3;sidiboumoussa
????? ?????;Oulad Teima;11.3;ouledteima
??? ??????;Ait Oumdis;11.3;aitoumdis
?????;Sefsaf;11.2;sefsaf
????? ?????;Oulad Chbana;11.2;ouledchbana
???? ???? ????????;Sidi Allal El Bahraoui;11.2;sidiallalelbahraoui
???? ????;Sidi Aayad;11.2;sidiaayad
????? ???? ??? ??????;Ouled Sidi Abdelhakem;11.2;ouledsidiabdelhakem
?????;Ahdil;11.2;ahdil
??????;Tan-Tan;11.2;tantan
??????;Tarmigt;11.2;tarmigt
???????;Tinzouline;11.2;tinzouline
??? ????;Bni Zoli;11.2;bnizoli
??????;Arbaoua;11.1;arbaoua
??? ???????;Dar Gueddari;11.1;dargueddari
???? ??????;Lbir Jdid;11.1;lbirjdid
????;Sabbah;11.1;sabbah
?????;Anjra;11.1;anjra
?????;Martil;11.1;martil
????;Saka;11.1;saka
???????;Laajajra;11.1;laajajra
??? ?????;Ain Kansara;11.1;ainkansara
???? ???? ?????;Kandar Sidi Khiar;11.1;kandarsidikhiar
?????;Missour;11.1;missour
??? ?????;Ait M'hamed;11.1;aitmhamed
???????;Ouarzazate;11.1;ouarzazate
????? ???? ????;Tiffert N'ait Hamza;11.0;tiffertnaithamza
??? ????;Bni Said;11.0;bnisaid
????????;Imindounit;11.0;imindounit
???????;Al Ouidane;11.0;elouidane
??? ?????;Ait Ourir;11.0;aitourir
??????;Steha;10.9;steha
???? ????;Sidi Daoud;10.9;sididaoud
???????;M'haya;10.9;mhaya
?????;Tabant;10.9;tabant
??? ????;Ait Ouallal;10.9;aitouallal
????? ?????;Ouled Hcine;10.8;ouledhcine
??? ?????;Ain Harrouda;10.8;ainharrouda
??????;Mediouna;10.8;mediouna
????????;Jaafra;10.8;jaafra
????? ????;Oulad Zarrad;10.8;ouledzarrad
??? ???????;Dar Bel Amri;10.8;darbelamri
??????;M'diq;10.8;mdiq
??????;Tassift;10.8;tassift
?????;Zouagha;10.8;zouagha
???? ???? ??????;Sidi Moussa Lhamri;10.8;sidimoussalhamri
????? ?????;Oulad Berhil;10.8;ouledberhil
????????;Souihla;10.8;souihla
???????;M'semrir;10.8;msemrir
?????;Arfoud;10.8;arfoud
????????;M'saada;10.7;msaada
????;Azla;10.7;azla
??? ?????;Bni Faghloum;10.7;bnifaghloum
??? ?????;Bni Darkoul;10.7;bnidarkoul
??? ????????;Sebt Loudaya;10.7;sebtloudaya
???? ??? ???? ??????;Sidi Abdellah Al Khayat;10.7;sidiabdellahelkhayat
???????;Dkhissa;10.7;dkhissa
??????? ???????;Zaouia Annahlia;10.7;zaouiaannahlia
???? ???????;Ahmar Laglalcha;10.7;ahmarlaglalcha
???????;Tameslohte;10.7;tameslohte
???????;Taznakht;10.7;taznakht
??????;Ternata;10.7;ternata
??? ???? ???;Aarab Sebbah Ziz;10.7;aarabsebbahziz
?????;Zouada;10.6;zouada
??? ????;Ksar Bjir;10.6;ksarbjir
????? ?????;Ouled H'cine;10.6;ouledhcine
??? ??????;Jorf El Melha;10.6;jorfelmelha
??? ?????;Sebaa Rouadi;10.6;sebaarouadi
???? ??? ??????;Sidi Ali Bel Quassem;10.6;sidialibelquassem
??? ?????;Ait Iaaza;10.6;aitiaaza
????????;Laattaouia;10.6;laattaouia
??? ?????-??? ????;Ait Hkim-Ait Yzid;10.6;aithkimaityzid
?????;Ouaoula;10.6;ouaoula
???? ??????;Ighil N'oumgoun;10.6;ighilnoumgoun
????? ??????;Ksar Sghir;10.5;ksarsghir
??? ????;Beni Malek;10.5;benimalek
???? ??????;Sidi Al Kamel;10.5;sidielkamel
????? ????;Oulad Ziyane;10.5;ouledziyane
???? ???? ???????;Sidi Moussa El Majdoub;10.5;sidimoussaelmajdoub
??? ????;Ben Guerir;10.5;benguerir
???? ??? ???????;Sidi Bouknadel;10.5;sidibouknadel
?????????;Sahtryine;10.5;sahtryine
?????;Saddina;10.5;saddina
???????;Al Hamra;10.5;elhamra
???? ?????;Jnan El Ouard;10.5;jnanelouard
?????;Tissaf;10.5;tissaf
???????;Lamzoudia;10.5;lamzoudia
??? ????;Ait Melloul;10.5;aitmelloul
?????;Belfaâ;10.5;belfaa
???? ???????;Sidi Bou Othmane;10.5;sidibouothmane
??????;Ikniouen;10.5;ikniouen
????????;Er-Rissani;10.5;errissani
???? ????;Sidi Abed;10.4;sidiabed
????? ????;Jnane Bouih;10.4;jnanebouih
????? ?????;Oulad Ouchih;10.4;ouledouchih
????? ????;Ouled Salah;10.4;ouledsalah
??? ???;Bni Idder;10.4;bniidder
????;Majjate;10.4;majjate
????;Tissa;10.4;tissa
??? ??? ????;Ait Haddou Youssef;10.4;aithaddouyoussef
???? ?????;Sidi Dahmane;10.4;sididahmane
????????;Bouizakarne;10.4;bouizakarne
???;Assa;10.4;assa
??????;Ouaklim;10.4;ouaklim
???? ???;Sidi Ali;10.4;sidiali
?????? ????????;Rissana Janoubia;10.3;rissanajanoubia
??? ?????;Ain Tizgha;10.3;aintizgha
???????;Fnideq;10.3;fnideq
??? ?????;Bni Bouzra;10.3;bnibouzra
??? ?????? ???????;Abdelghaya Souahel;10.3;abdelghayasouahel
??? ???? ???????;Bni Ahmed Imoukzan;10.3;bniahmedimoukzan
????;Mikkes;10.3;mikkes
??????;Gteter;10.3;gteter
?????;Tiglit;10.3;tiglit
????;Agdz;10.3;agdz
???????;Rmilat;10.2;rmilat
????????;Layayda;10.2;layayda
???????;Boutferda;10.2;boutferda
????? ???? ????;Zaouiat Sidi Kacem;10.2;zaouiatsidikacem
??? ??????;Bni Bouchibet;10.2;bnibouchibet
??????;Ourika;10.2;ourika
??? ??????;Ait Bou Oulli;10.2;aitbououlli
??????;Errouha;10.2;errouha
????? ??? ??????;Moulay Ali Cherif;10.2;moulayalicherif
??? ?????;Sebt Gzoula;10.1;sebtgzoula
???????;Chouafaa;10.1;chouafaa
??? ?????;Bni Yagrine;10.1;bniyagrine
??????;Znada;10.1;znada
??? ?????;Mers El Kheir;10.1;merselkheir
?????;Mehdya;10.1;mehdya
?????;Anergui;10.1;anergui
?????;Temsia;10.1;temsia
???? ??? ???? ????;Sidi Abdellah Ghiat;10.1;sidiabdellahghiat
???? ??????;Sidi Boulkhalf;10.1;sidiboulkhalf
?????;Abteh;10.0;abteh
????? ?????;Oulad Tayeb;10.0;ouledtayeb
????????;Fritissa;10.0;fritissa
???? ????;Sidi Chiker;10.0;sidichiker
??????;Al Mahbass;10.0;elmahbass
????????;Oukaimden;10.0;oukaimden
??????;Zagora;10.0;zagora
????????;Sfafaa;9.9;sfafaa
???????;Zaitoune;9.9;zaitoune
???? ???;Dayat-Aoua;9.9;dayataoua
??? ????????;Dar Laaslouji;9.8;darlaaslouji
????????;Lahraouyine;9.8;lahraouyine
?????;Ketama;9.8;ketama
???????;Tamsaout;9.8;tamsaout
??? ?????;Bni Bchir;9.8;bnibchir
??????;Tahannaout;9.8;tahannaout
??? ????;Ait Aadel;9.8;aitaadel
????????;Hiadna;9.7;hiadna
??? ??????;Ain El Aouda;9.7;ainelaouda
????? ??????;Ksar El Majaz;9.7;ksarelmajaz
????;Zarkt;9.7;zarkt
??????;El Atef;9.7;elatef
??????;Chichaoua;9.7;chichaoua
??? ???????;Sebt Azzinate;9.6;sebtazzinate
???? ???? ??????;Sidi Allal Tazi;9.6;sidiallaltazi
??????? ????????;Soualem Trifiya;9.6;soualemtrifiya
??? ???;Bab Berred;9.6;babberred
????????;Mansoura;9.6;mansoura
??? ????;Bni Rzine;9.6;bnirzine
????;Isly;9.6;isly
?????;Mghogha;9.5;mghogha
?????;Haouzia;9.5;haouzia
??? ????;Tit Mellil;9.5;titmellil
??? ????;Bni Yakhlef;9.5;bniyakhlef
??? ????;Oued Malha;9.5;ouedmalha
??? ?????;Ait Blal;9.5;aitblal
??????;Akhfennir;9.4;akhfennir
?????;Malloussa;9.4;malloussa
????? ?????;Ouled Slama;9.4;ouledslama
??? ??????;Lalla Mimouna;9.4;lallamimouna
??? ????;Bab Taza;9.4;babtaza
??????;Bouchaouene;9.4;bouchaouene
??? ???;Bni Guil;9.4;bniguil
????? ??????;Zaouiat Ahansal;9.4;zaouiatahansal
??????;Laâyoune;9.3;laayoune
??????;Deroua;9.3;deroua
?????;Iounane;9.3;iounane
??????;Maatarka;9.3;maatarka
????????;Kceibya;9.2;kceibya
??????;Talambote;9.2;talambote
?????;Saada;9.2;saada
??????;Et-Taous;9.2;ettaous
????? ???? ??????;Moulay Ahmed Cherif;9.1;moulayahmedcherif
??????????;Al Bahraoyine;9.0;elbahraoyine
??? ?????;Bni Selmane;9.0;bniselmane
??????;Ouaouzgane;9.0;ouaouzgane
??????;Lqliaa;9.0;lqliaa
??????;Inchaden;9.0;inchaden
??????;Bleida;9.0;bleida
?? ?????;Foum El Oued;8.9;foumeloued
???????;Es-Semara;8.9;essemara
????????;Mnasra;8.9;mnasra
??????;Mograne;8.9;mograne
???????;Tassoultante;8.9;tassoultante
??????;Jouamaa;8.8;jouamaa
??? ????;Ain Attig;8.8;ainattig
???? ??????;Sidi Taibi;8.8;siditaibi
?????;Tamorot;8.8;tamorot
????????;Laouamra;8.7;laouamra
???? ????? ?????;Sidi Boubker El Haj;8.7;sidiboubkerelhaj
???? ????????;Ameur Chamalia;8.7;ameurchamalia
????????;Ech-challalate;8.7;echchallalate
??? ????;Bni Smih;8.7;bnismih
??? ?????;Ain Chkef;8.7;ainchkef
??????;Biougra;8.7;biougra
??? ??????;Oued Essafa;8.7;ouedessafa
????? ???????;Moulay Bousselham;8.6;moulaybousselham
?????;Zag;8.6;zag
???? ???? ????;Sidi Mohamed Lahmar;8.5;sidimohamedlahmar
??? ?????;Dar Bouazza;8.5;darbouazza
???????? ????? ??????;Almajjatia Oulad Taleb;8.5;almajjatiaouledtaleb
?? ???????;Had Soualem;8.4;hadsoualem
???????;Bouskoura;8.4;bouskoura
?????? ????;Nzalat Laadam;8.4;nzalatlaadam
????? ??? ????;My Abdellah;8.3;myabdellah
???? ???? ???????;Sidi Mohamed Benmansour;8.3;sidimohamedbenmansour
????? ????;Oulad Azzouz;8.3;ouledazzouz
??? ????;Ait Abbas;8.3;aitabbas
???? ????;Sidi Bibi;8.2;sidibibi
????????;Drargua;8.2;drargua
???? ???? ???????;Ouahat Sidi Brahim;8.2;ouahatsidibrahim
??????;Tarfaya;8.1;tarfaya
??? ?????;Bni Makada;8.1;bnimakada
???????;Ben Mansour;8.1;benmansour
???? ???? ??? ????;Sidi Hajjaj Oued Hassar;8.1;sidihajjajouedhassar
???? ???? ????;Sidi Yahya Zaer;8.1;sidiyahyazaer
??? ????;Bni Salah;8.1;bnisalah
???? ???????;Ameur Seflia;8.0;ameurseflia
?????;Issaguen;8.0;issaguen
????? ????? ????;Bahhara Ouled Ayad;7.9;bahharaouledayad
??? ?????;Bni Mansour;7.9;bnimansour
????????;Jdiriya;7.9;jdiriya
???????;Haddada;7.7;haddada
?????;Harbil;7.7;harbil
????;Ameur;7.4;ameur
??? ????;Abbou Lakhal;7.4;abboulakhal
???????;Laaouama;7.3;laaouama
??? ?????;Hjar Ennhal;7.1;hjarennhal
??????;Boujdour;6.9;boujdour
??? ?????;Ait Amira;6.4;aitamira
???????;Labouirat;6.4;labouirat
???????;Gueznaia;5.7;gueznaia
??????;El Ouatia;5.4;elouatia
???????;Dakhla;5.1;dakhla
????;Tichla;4.3;tichla
??? ?????;Bir Gandouz;3.7;birgandouz
??? ??????;Bir Anzarane;3.5;biranzarane
??????;El Marsa;3.4;elmarsa
??????;Imlili;3.4;imlili
???????;El Argoub;2.5;elargoub
?? ?????;Oum Dreyga;0.0;oumdreyga
???????;Aghouinite;;aghouinite
?????;Mijik;;mijik
????;Sebta;;sebta
??????;Melilia;;melilia
?????;Zoug;;zoug
???????;Lagouira;;lagouira
